{
  "format_version": "1.20.80",
  "minecraft:item": {
      "description": {
          "identifier": "5d:armadura_naruto_shippuden2",
          "menu_category": {
              "category": "equipment",
              "group": "itemGroup.name.chestplate"
          }
      },
      "components": {
          "minecraft:icon": {
              "textures": {
                  "default": "armadura_naruto_shippuden"
              }
          },
          "minecraft:display_name": {
      "value": "Armadura Naruto\n§9Reforçada +1"
          },
          "minecraft:max_stack_size": 1,
          "minecraft:allow_off_hand": false,
          "minecraft:enchantable": {
              "value": 14,
              "slot": "armor_torso"
          },
          "minecraft:wearable": {
              "slot": "slot.armor.chest",
              "protection": 1
          },
          "minecraft:durability": {
              "max_durability": 9999,
              "damage_chance": {
                  "min": 0,
                  "max": 0
        }
          }
      }
  }
}
