{
    "format_version": "1.20.80",
    "minecraft:item": {
        "description": {
            "identifier": "5d:doton_tobi_tsubute",
            "menu_category": {
                "category": "equipment"
            }
        },
        "components": {
            "minecraft:icon": {
                "textures": {
                    "default": "doton_tobi_tsubute"
                }
            },
            "minecraft:display_name": {
                "value": "[Jutsu] Doton: Tobi Tsubute"
            },
            "minecraft:max_stack_size": 1,
            "minecraft:allow_off_hand": false,
            "minecraft:cooldown": {
                "category": "selo_mao",
                "duration": 2
            }
        }
    }
}