{
    "format_version": "1.20.80",
    "minecraft:item": {
        "description": {
            "identifier": "5d:sharingan_copiar",
            "menu_category": {
                "category": "equipment"
            }
        },
        "components": {
            "minecraft:icon": {
                "textures": {
                    "default": "sharingan_copiar"
                }
            },
            "minecraft:display_name": {
                "value": "[Jutsu] Sharingan: Copiar"
            },
            "minecraft:max_stack_size": 1,
            "minecraft:allow_off_hand": false
        }
    }
}