{
	"format_version": "1.17.100",
	"minecraft:npc_dialogue":
	{
		"scenes":
		[
			{
				"scene_tag": "cor_pele",
				"npc_name": { "rawtext": [ {"text":"§l§fCor da pele"} ] },
				"text": { "rawtext": [ {"text":" "} ] },
				"buttons": [
					{
						"name": { "rawtext": [ {"text":"§l§f<"} ] },
						"commands": [
							"/tag @p add escolher_pele",
							"/dialogue open @s @p cor_pele",
							"/scoreboard players remove @p escolher_pele 1",
							"/scoreboard players set @p[scores={escolher_pele=..0}] escolher_pele 13"
						]
					},
					{
						"name": { "rawtext": [ {"text":"§l§fSelecionar"} ] },
						"commands": [
							"/tag @p add escolher_esclera",
							"/tag @p remove escolher_pele",
							"/dialogue open @s @p esclera"
						]
					},
					{
						"name": { "rawtext": [ {"text":"§l§f>"} ] },
						"commands": [
							"/tag @p add escolher_pele",
							"/dialogue open @s @p cor_pele",
							"/scoreboard players add @p escolher_pele 1",
							"/scoreboard players set @p[scores={escolher_pele=13..}] escolher_pele 1"
						]
					}
				]
			},
			{
				"scene_tag": "esclera",
				"npc_name": { "rawtext": [ {"text":"§l§fCor esclera"} ] },
				"text": { "rawtext": [ {"text":" "} ] },
				"buttons": [
					{
						"name": { "rawtext": [ {"text":"§l§f<"} ] },
						"commands": [
							"/dialogue open @s @p esclera",
							"/scoreboard players remove @p escolher_esclera 1",
							"/scoreboard players set @p[scores={escolher_esclera=..0}] escolher_esclera 2"
						]
					},
					{
						"name": { "rawtext": [ {"text":"§l§fSelecionar"} ] },
						"commands": [
							"/tag @p add escolher_olho",
							"/dialogue open @s @p olho",
							"/tag @p remove escolher_esclera"
						]
					},
					{
						"name": { "rawtext": [ {"text":"§l§f>"} ] },
						"commands": [
							"/dialogue open @s @p esclera",
							"/scoreboard players add @p escolher_esclera 1",
							"/scoreboard players set @p[scores={escolher_esclera=3..}] escolher_esclera 1"
						]
					}
				]
			},
			{
				"scene_tag": "olho",
				"npc_name": { "rawtext": [ {"text":"§l§fCor do olho"} ] },
				"text": { "rawtext": [ {"text":" "} ] },
				"buttons": [
					{
						"name": { "rawtext": [ {"text":"§l§f<"} ] },
						"commands": [
							"/dialogue open @s @p olho",
							"/scoreboard players remove @p escolher_olho 1",
							"/scoreboard players set @p[scores={escolher_olho=..0}] escolher_olho 9"
						]
					},
					{
						"name": { "rawtext": [ {"text":"§l§fSelecionar"} ] },
						"commands": [
							"/tag @p add escolher_cabelo",
							"/dialogue open @s @p cabelo",
							"/tag @p remove escolher_olho"
						]
					},
					{
						"name": { "rawtext": [ {"text":"§l§f>"} ] },
						"commands": [
							"/dialogue open @s @p olho",
							"/scoreboard players add @p escolher_olho 1",
							"/scoreboard players set @p[scores={escolher_olho=10..}] escolher_olho 1"
						]
					}
				]
			},
			{
				"scene_tag": "cabelo",
				"npc_name": { "rawtext": [ {"text":"§l§fTipo de cabelo"} ] },
				"text": { "rawtext": [ {"text":" "} ] },
				"buttons": [
					{
						"name": { "rawtext": [ {"text":"§l§f<"} ] },
						"commands": [
							"/dialogue open @s @p cabelo",
							"/scoreboard players remove @p escolher_cabelo 1",
							"/scoreboard players set @p[scores={escolher_cabelo=..0}] escolher_cabelo 12"
						]
					},
					{
						"name": { "rawtext": [ {"text":"§l§fSelecionar"} ] },
						"commands": [
							"/tag @p remove escolher_cabelo",
							"/tag @p add escolher_cor_cabelo",
							"/dialogue open @s @p cor_cabelo"
						]
					},
					{
						"name": { "rawtext": [ {"text":"§l§f>"} ] },
						"commands": [
							"/dialogue open @s @p cabelo",
							"/scoreboard players add @p escolher_cabelo 1",
							"/scoreboard players set @p[scores={escolher_cabelo=13..}] escolher_cabelo 1"
						]
					}
				]
			},
			{
				"scene_tag": "cor_cabelo",
				"npc_name": { "rawtext": [ {"text":"§l§fCor do cabelo"} ] },
				"text": { "rawtext": [ {"text":" "} ] },
				"buttons": [
					{
						"name": { "rawtext": [ {"text":"§l§f<"} ] },
						"commands": [
							"/dialogue open @s @p cor_cabelo",
							"/scoreboard players remove @p escolher_cor_cabelo 1",
							"/scoreboard players set @p[scores={escolher_cor_cabelo=..0}] escolher_cor_cabelo 10"
						]
					},
					{
						"name": { "rawtext": [ {"text":"§l§fSelecionar"} ] },
						"commands": [
							"/tag @p remove escolher_cor_cabelo",
							"/tag @p add escolher_marca1",
							"/dialogue open @s @p marca1"
						]
					},
					{
						"name": { "rawtext": [ {"text":"§l§f>"} ] },
						"commands": [
							"/dialogue open @s @p cor_cabelo",
							"/scoreboard players add @p escolher_cor_cabelo 1",
							"/scoreboard players set @p[scores={escolher_cor_cabelo=11..}] escolher_cor_cabelo 1"
						]
					}
				]
			},
			{
				"scene_tag": "marca1",
				"npc_name": { "rawtext": [ {"text":"§l§fMarca 1"} ] },
				"text": { "rawtext": [ {"text":" "} ] },
				"buttons": [
					{
						"name": { "rawtext": [ {"text":"§l§f<"} ] },
						"commands": [
							"/dialogue open @s @p marca1",
							"/scoreboard players remove @p escolher_marca1 1",
							"/scoreboard players set @p[scores={escolher_marca1=..0}] escolher_marca1 11"
						]
					},
					{
						"name": { "rawtext": [ {"text":"§l§fSelecionar"} ] },
						"commands": [
							"/tag @p remove escolher_marca1",
							"/tag @p add escolher_marca2",
							"/dialogue open @s @p marca2"
						]
					},
					{
						"name": { "rawtext": [ {"text":"§l§f>"} ] },
						"commands": [
							"/dialogue open @s @p marca1",
							"/scoreboard players add @p escolher_marca1 1",
							"/scoreboard players set @p[scores={escolher_marca1=12..}] escolher_marca1 1"
						]
					}
				]
			},
			{
				"scene_tag": "marca2",
				"npc_name": { "rawtext": [ {"text":"§l§fMarca 2"} ] },
				"text": { "rawtext": [ {"text":" "} ] },
				"buttons": [
					{
						"name": { "rawtext": [ {"text":"§l§f<"} ] },
						"commands": [
							"/dialogue open @s @p marca2",
							"/scoreboard players remove @p escolher_marca2 1",
							"/scoreboard players set @p[scores={escolher_marca2=..0}] escolher_marca2 11"
						]
					},
					{
						"name": { "rawtext": [ {"text":"§l§fIniciar"} ] },
						"commands": [
							"/tag @p remove escolher_marca2",
							"/tag @p add introducao",
							"/tag @p add dialogo",
							"/tag @p add paralisado",
							"/clear @p"
							
						]
					},
					{
						"name": { "rawtext": [ {"text":"§l§f>"} ] },
						"commands": [
							"/dialogue open @s @p marca2",
							"/scoreboard players add @p escolher_marca2 1",
							"/scoreboard players set @p[scores={escolher_marca2=12..}] escolher_marca2 1"
						]
					}
				]
			}
		]
	}
}