{
	"format_version": "1.18.0",
	"minecraft:entity": {
	  "description": {
		"identifier": "5d:controller_arena_boss_madara",
		"is_spawnable": false,
		"is_summonable": true,
		"is_experimental": false
	  },
	  "component_groups": {},
	  "components": {
		"minecraft:type_family": {
		  "family": ["objeto"]
		},
		"minecraft:scale": {
			"value": 0
		  },
		  "minecraft:health": {
			  "value": 1000000,
			  "max": 1000000
			},
		"minecraft:knockback_resistance": {
		  "protection": 1
		},
		"minecraft:collision_box": {
		  "width": 0,
		  "height": 0
		},
		"minecraft:nameable": {},
		"minecraft:physics": {},
		"minecraft:pushable": {
		  "is_pushable": true,
		  "is_pushable_by_piston": true
		},
		"minecraft:timer": {
		  "looping": true,
		  "time": 0,
		  "time_down_event": {
			"event": "on:efeitos"
		  }
		}
	  },
	  "events": {
		"on:efeitos": {
		  "queue_command": {
			"command": [
				"execute at @a[tag=battle_boss_madara] run scoreboard players add @e[type=5d:controller_arena_boss_madara] dialogo 1",
				"execute at @s[scores={dialogo=1}] run tp @a[tag=battle_boss_madara] ~~~",
				"execute at @s[tag=dead_player] run structure load limpar ~~-2~",
				"execute at @e[type=5d:local3_boss_madara,tag=dead_player] run structure load limpar ~~-3~"
			]
		  }
		}
	  }
	}
  }