{
	"format_version": "1.18.0",
	"minecraft:entity": {
	  "description": {
		"identifier": "5d:controller_madara_inv",
		"is_spawnable": false,
		"is_summonable": true,
		"is_experimental": false
	  },
	  "component_groups": {},
	  "components": {
		"minecraft:type_family": {
		  "family": ["objeto"]
		},
		"minecraft:scale": {
			"value": 0
		  },
		  "minecraft:health": {
			  "value": 1000000,
			  "max": 1000000
			},
		"minecraft:knockback_resistance": {
		  "protection": 1
		},
		"minecraft:collision_box": {
		  "width": 0,
		  "height": 0
		},
		"minecraft:nameable": {},
		"minecraft:physics": {},
		"minecraft:pushable": {
		  "is_pushable": true,
		  "is_pushable_by_piston": true
		},
		"minecraft:timer": {
		  "looping": true,
		  "time": 1,
		  "time_down_event": {
			"event": "on:efeitos"
		  }
		}
	  },
	  "events": {
		"on:efeitos": {
		  "queue_command": {
			"command": [
				"scoreboard players add @s dialogo 1",
				"execute at @s[scores={dialogo=1}] run tag @a[r=200] add dialogo",
				"execute at @s[scores={dialogo=2}] run fog @a push minecraft:fog_crimson_forest porkyn",
				"execute at @s[scores={dialogo=4}] run playsound boss_madara_int @a[r=64] ~~~ 2.0 1.0 1.0",
				"execute at @s[scores={dialogo=6}] run playsound music_battle_madara @a[r=64] ~~~ 2.0 1.0 1.0",
				"execute at @s[scores={dialogo=129}] run playsound music_battle_madara @a[r=64] ~~~ 2.0 1.0 1.0",
				"execute at @s[scores={dialogo=254}] run playsound music_battle_madara @a[r=64] ~~~ 2.0 1.0 1.0",
				"execute at @s[scores={dialogo=379}] run playsound music_battle_madara @a[r=64] ~~~ 2.0 1.0 1.0",
				"execute at @s[scores={dialogo=504}] run playsound music_battle_madara @a[r=64] ~~~ 2.0 1.0 1.0",
				"execute at @s[scores={dialogo=629}] run playsound music_battle_madara @a[r=64] ~~~ 2.0 1.0 1.0",		
				"execute at @s[scores={dialogo=4..,dialogo=..7}] run camerashake add @a 0.1 1 positional",
				"execute at @s[scores={dialogo=2..,dialogo=..10}] run execute at @e[type=5d:caixao_edo] run particle 5d:terra_caixao ~~-1~",
				"execute at @s[scores={dialogo=5}] run execute at @e[type=5d:caixao_edo] run summon 5d:impact_caixao_edo ~~~",
				"execute at @s[scores={dialogo=10}] run summon 5d:shinobi_madara_parado",
				"execute at @s[scores={dialogo=10}] run replaceitem entity @e[type=5d:shinobi_madara_parado] slot.armor.head 1 5d:gunbai_costas_boss",
				
				
				"execute at @s[scores={dialogo=11}] run playanimation @e[type=5d:caixao_edo] animation.abrir_caixao porkyn 1",
				"execute at @s[scores={dialogo=14}] run playanimation @e[type=5d:shinobi_madara_parado] animation.madara_int1 porkyn 1",
				
				"execute at @s[scores={dialogo=17..,dialogo=..19}] run title @a[tag=portuguese,r=50] actionbar Edo Tensei?...",
				"execute at @s[scores={dialogo=17..,dialogo=..19}] run title @a[tag=english,r=50] actionbar Edo Tensei?...",

				"execute at @s[scores={dialogo=21..,dialogo=..25}] run title @a[tag=portuguese,r=50] actionbar Você acha mesmo que um jutsu tão fraco pode me conter?",
				"execute at @s[scores={dialogo=21..,dialogo=..25}] run title @a[tag=english,r=50] actionbar Do you really think such a weak jutsu can hold me?",

				"execute at @s[scores={dialogo=28..,dialogo=..32}] run title @a[tag=portuguese,r=50] actionbar Vou lhe mostrar o verdadeiro poder dos UCHIHAS!",
				"execute at @s[scores={dialogo=28..,dialogo=..32}] run title @a[tag=english,r=50] actionbar I'll show you the true power of the UCHIHAS!",
				
				"execute at @s[scores={dialogo=33}] run summon 5d:shinobi_madara ^^^2.2",
				"execute at @s[scores={dialogo=33}] run replaceitem entity @e[type=5d:shinobi_madara] slot.armor.chest 1 5d:armadura_madara1 1 0 {\"minecraft:item_lock\": {\"mode\": \"lock_in_inventory\"}}",
				"execute at @s[scores={dialogo=33}] run replaceitem entity @e[type=5d:shinobi_madara] slot.armor.feet 1 5d:hair_madara_preto 1 0 {\"minecraft:item_lock\": {\"mode\": \"lock_in_inventory\"}}",
				"execute at @s[scores={dialogo=33}] run effect @e[type=5d:shinobi_madara] slowness 5 255 true",
				"execute at @s[scores={dialogo=33}] run tp @e[type=5d:shinobi_madara_parado] ~~-100~",
				"execute at @s[scores={dialogo=35}] run kill @e[type=5d:shinobi_madara_parado]",
				"execute at @s[scores={dialogo=35}] run kill @e[type=5d:controller_madara_inv]",
				"execute at @s[scores={dialogo=34}] run execute as @e[type=5d:shinobi_madara,c=1] run function habilidades_boss/attack8_madara",
				"execute at @s[scores={dialogo=33}] run replaceitem entity @e[type=5d:shinobi_madara] slot.weapon.mainhand 1 5d:gunbai_boss",
				"execute at @s[scores={dialogo=33}] run tag @a[r=200] remove dialogo",
				"execute at @s[scores={dialogo=34}] run execute as @e[type=5d:shinobi_madara] run scoreboard players set @s random 3",
				"execute at @s[scores={dialogo=34}] run execute as @e[type=5d:shinobi_madara] run scoreboard players set @s dialogo 2"
			]
		  }
		}
	  }
	}
  }