{
	"format_version": "1.18.0",
	"minecraft:entity": {
	  "description": {
		"identifier": "5d:inicio_boss_madara",
		"is_spawnable": false,
		"is_summonable": true,
		"is_experimental": false
	  },
	  "component_groups": {},
	  "components": {
		"minecraft:type_family": {
		  "family": ["objeto"]
		},
		"minecraft:scale": {
			"value": 0
		  },
		  "minecraft:health": {
			  "value": 1000000,
			  "max": 1000000
			},
		"minecraft:knockback_resistance": {
		  "protection": 1
		},
		"minecraft:collision_box": {
		  "width": 0,
		  "height": 0
		},
		"minecraft:nameable": {},
		"minecraft:physics": {},
		"minecraft:pushable": {
		  "is_pushable": true,
		  "is_pushable_by_piston": true
		},
		"minecraft:timer": {
		  "looping": true,
		  "time": 0,
		  "time_down_event": {
			"event": "on:efeitos"
		  }
		}
	  },
	  "events": {
		"on:efeitos": {
		  "queue_command": {
			"command": [
				"scoreboard players add @s[tag=start] dialogo 1",
				"execute at @s[tag=!start] run execute at @a[tag=battle_boss_madara,r=10] run execute at @e[type=5d:inicio_boss_madara,c=1] run summon 5d:caixao_edo",
				"execute at @s[tag=!start] run execute at @a[tag=battle_boss_madara,r=10] run execute at @e[type=5d:inicio_boss_madara,c=1] run summon 5d:controller_madara_inv",
				"execute at @s[tag=!start] run execute at @a[tag=battle_boss_madara,r=10] run tag @e[type=5d:inicio_boss_madara,c=1] add start",
				"execute at @s[scores={dialogo=4}] run execute at @a[tag=battle_boss_madara,r=64] run camera @s fade time 1 4 1",
				"execute at @s[scores={dialogo=4}] run inputpermission set @a[tag=battle_boss_madara,r=64] camera disabled",
				"execute at @s[scores={dialogo=4}] run inputpermission set @a[tag=battle_boss_madara,r=64] movement disabled",
				"execute at @s[scores={dialogo=10}] run execute at @a[tag=battle_boss_madara,r=64] run execute at @e[type=5d:local1_boss_madara,c=1] run tp @a[tag=battle_boss_madara,r=64] ^^^-15",
				"execute at @s[scores={dialogo=10}] run execute as @a[tag=battle_boss_madara,r=64] run camera @s set minecraft:free pos ~~2~12 rot 0 180",
				"execute at @s[scores={dialogo=10}] run execute as @a[tag=battle_boss_madara,r=64] run camera @s set minecraft:free ease 15 linear pos ~~2~6 rot 0 180",
				"execute at @s[scores={dialogo=420}] run execute at @a[tag=battle_boss_madara,r=64] run execute at @e[type=5d:local1_boss_madara,c=1] run tp @a[tag=battle_boss_madara,r=64] ^^^-15",
				"execute at @s[scores={dialogo=420}] run execute as @a[tag=battle_boss_madara,r=64] run camera @s set minecraft:free ease 15 linear pos ~~2~4 rot 0 180",
				"execute at @s[scores={dialogo=420}] run execute at @a[tag=battle_boss_madara,r=64] run execute at @e[type=5d:local1_boss_madara,c=1] run tp @a[tag=battle_boss_madara,r=64] ^^^-15",
				"execute at @s[scores={dialogo=680}] run camera @a[tag=battle_boss_madara,r=64] clear",
				"execute at @s[scores={dialogo=680}] run inputpermission set @a[tag=battle_boss_madara,r=64] camera enabled",
				"execute at @s[scores={dialogo=680}] run inputpermission set @a[tag=battle_boss_madara,r=64] movement enabled"
			]
		  }
		}
	  }
	}
  }