{
	"format_version": "1.18.0",
	"minecraft:entity": {
	  "description": {
		"identifier": "5d:shinobi_madara_parado2",
		"is_spawnable": false,
		"is_summonable": true,
		"is_experimental": false
	  },
	  "component_groups": {},
	  "components": {
		"minecraft:type_family": {
		  "family": ["objeto"]
		},
		"minecraft:scale": {
			"value": 1.3
		  },
		  "minecraft:health": {
			  "value": 1000000,
			  "max": 1000000
			},
		"minecraft:knockback_resistance": {
		  "protection": 1
		},
		"minecraft:collision_box": {
		  "width": 0,
		  "height": 0
		},
		"minecraft:nameable": {},
		"minecraft:physics": {},
		"minecraft:pushable": {
		  "is_pushable": true,
		  "is_pushable_by_piston": true
		},
		"minecraft:timer": {
		  "looping": true,
		  "time": 0,
		  "time_down_event": {
			"event": "on:efeitos"
		  }
		}
	  },
	  "events": {
		"on:efeitos": {
		  "queue_command": {
			"command": [
				"scoreboard players add @s dialogo 1",
				"execute at @s[scores={dialogo=1}] run inputpermission set @a[tag=battle_boss_madara,r=64] camera disabled",
				"execute at @s[scores={dialogo=1}] run inputpermission set @a[tag=battle_boss_madara,r=64] movement disabled",
				"execute at @s[scores={dialogo=1}] run kill @e[type=5d:caixao_edo]",
				"execute at @s[scores={dialogo=1}] run execute at @a[tag=battle_boss_madara,r=64] run execute at @e[type=5d:local1_boss_madara,c=1] run tp @a[tag=battle_boss_madara,r=64] ^^^-18",
				"execute at @s[scores={dialogo=1}] run execute as @a[tag=battle_boss_madara,r=64] run camera @s set minecraft:free pos ~~2~1 rot 0 180",
				"execute at @s[scores={dialogo=1}] run execute as @a[tag=battle_boss_madara,r=64] run camera @s set minecraft:free ease 20 linear pos ~~2~5 rot 0 180",
				"execute at @s[scores={dialogo=370}] run execute as @a[tag=battle_boss_madara,r=64] run camera @s set minecraft:free pos ~~2~5 rot 0 180",
				"execute at @s[scores={dialogo=370}] run execute as @a[tag=battle_boss_madara,r=64] run camera @s set minecraft:free ease 7 linear pos ~~10~9 rot 0 180",
				"execute at @s[scores={dialogo=560}] run camera @a[tag=battle_boss_madara,r=64] clear",
				"execute at @s[scores={dialogo=560}] run inputpermission set @a[tag=battle_boss_madara,r=64] camera enabled",
				"execute at @s[scores={dialogo=560}] run inputpermission set @a[tag=battle_boss_madara,r=64] movement enabled",

				"execute at @s[scores={dialogo=2}] run playanimation @s animation.madara_int2 porkyn 1",
				"execute at @s[scores={dialogo=1}] run tag @a[r=64] add dialogo",
				"replaceitem entity @s[scores={dialogo=560}] slot.armor.head 1 air",
				"replaceitem entity @s[scores={dialogo=400}] slot.armor.chest 1 air",
				"replaceitem entity @s[scores={dialogo=400}] slot.armor.legs 1 air",
				"replaceitem entity @s[scores={dialogo=400}] slot.armor.feet 1 air",
				"execute at @s[scores={dialogo=1}] run playsound boss_madara_int2 @a[r=64] ~~~ 2.0 1.0 1.0",

				"execute at @s[scores={dialogo=130..,dialogo=..180}] run title @a actionbar Você sujou minha armadura.",
				"execute at @s[scores={dialogo=130..,dialogo=..180}] run title @a[r=64,tag=english] actionbar You dirtied my armor.",

				"execute at @s[scores={dialogo=250..,dialogo=..290}] run title @a[r=64,tag=portuguese] actionbar Agora...",
				"execute at @s[scores={dialogo=250..,dialogo=..290}] run title @a[r=64,tag=english] actionbar Now...",

				"execute at @s[scores={dialogo=290..,dialogo=..360}] run title @a[r=64,tag=portuguese] actionbar Irei lhe mostrar o triunfo dos uchihas.",
				"execute at @s[scores={dialogo=290..,dialogo=..360}] run title @a[r=64,tag=english] actionbar I will show you the triumph of the Uchihas.",
				
				"effect @s[scores={dialogo=400}] invisibility 99999 255 true",
				"replaceitem entity @s[scores={dialogo=400}] slot.armor.head 1 5d:susanoo4_madara_boss 1 0 {\"minecraft:item_lock\": {\"mode\": \"lock_in_inventory\"}}",
				"replaceitem entity @s[scores={dialogo=400}] slot.weapon.mainhand 1 5d:s4_espada_madara_boss 1 0 {\"minecraft:item_lock\": {\"mode\": \"lock_in_inventory\"}}",
				
				"execute at @s[scores={dialogo=300}] run playsound music2_battle_madara @a[r=64] ~~~ 2.0 1.0 1.0",
				"execute at @s[scores={dialogo=3360}] run playsound music2_battle_madara @a[r=64] ~~~ 2.0 1.0 1.0",
				"execute at @s[scores={dialogo=6420}] run playsound music2_battle_madara @a[r=64] ~~~ 2.0 1.0 1.0",
				"execute at @s[scores={dialogo=9480}] run playsound music2_battle_madara @a[r=64] ~~~ 2.0 1.0 1.0",
				"execute at @s[scores={dialogo=12540}] run playsound music2_battle_madara @a[r=64] ~~~ 2.0 1.0 1.0",
				"execute at @s[scores={dialogo=15600}] run playsound music2_battle_madara @a[r=64] ~~~ 2.0 1.0 1.0",
				"execute at @s[scores={dialogo=560}] run summon 5d:shinobi_madara2",
				"execute at @s[scores={dialogo=560}] run effect @s invisibility 99999 255 true",
				"execute at @s[scores={dialogo=560}] run effect @e[type=5d:shinobi_madara2,c=1] invisibility 99999 255 true",
				"replaceitem entity @s[scores={dialogo=560}] slot.weapon.mainhand 1 air",
				
				
				"execute at @s[scores={dialogo=560}] run replaceitem entity @e[type=5d:shinobi_madara2,c=1] slot.weapon.mainhand 1 5d:s4_espada_madara_boss",
				"execute at @s[scores={dialogo=560}] run replaceitem entity @e[type=5d:shinobi_madara2,c=1] slot.armor.head 1 5d:susanoo4_madara_boss 1 0 {\"minecraft:item_lock\": {\"mode\": \"lock_in_inventory\"}}",
				"execute at @s[scores={dialogo=580}] run tag @a[r=4000] remove dialogo"
				
			]
		  }
		}
	  }
	}
  }