{
	"format_version": "1.18.0",
	"minecraft:entity": {
	  "description": {
		"identifier": "5d:shinobi_madara_parado3",
		"is_spawnable": false,
		"is_summonable": true,
		"is_experimental": false
	  },
	  "component_groups": {},
	  "components": {
		"minecraft:type_family": {
		  "family": ["objeto"]
		},
		"minecraft:scale": {
			"value": 1.3
		  },
		  "minecraft:health": {
			  "value": 1000000,
			  "max": 1000000
			},
		"minecraft:knockback_resistance": {
		  "protection": 1
		},
		"minecraft:collision_box": {
		  "width": 0,
		  "height": 0
		},
		"minecraft:nameable": {},
		"minecraft:physics": {},
		"minecraft:pushable": {
		  "is_pushable": false,
		  "is_pushable_by_piston": false
		},
		"minecraft:timer": {
		  "looping": true,
		  "time": 0,
		  "time_down_event": {
			"event": "on:efeitos"
		  }
		}
	  },
	  "events": {
		"on:efeitos": {
		  "queue_command": {
			"command": [
				"scoreboard players add @s dialogo 1",
				"replaceitem entity @s[type=5d:shinobi_madara_parado3] slot.armor.chest 1 5d:armadura_madara1 1 0 {\"minecraft:item_lock\": {\"mode\": \"lock_in_inventory\"}}",
				"replaceitem entity @s[type=5d:shinobi_madara_parado3] slot.armor.feet 1 5d:hair_madara_preto 1 0 {\"minecraft:item_lock\": {\"mode\": \"lock_in_inventory\"}}",
				"execute at @s[scores={dialogo=1}] run tag @a[r=200] add dialogo",
				"playanimation @s[scores={dialogo=3}] animation.madara_int3 porkyn 1",
				"execute at @s[scores={dialogo=180..,dialogo=..225}] run title @a[r=64,tag=portuguese] actionbar Você é o primeiro, desde o hashirama",
				"execute at @s[scores={dialogo=180..,dialogo=..225}] run title @a[r=64,tag=english] actionbar You are the first, since Hashirama,",
				"execute at @s[scores={dialogo=226..,dialogo=..249}] run title @a[r=64,tag=portuguese] actionbar que me deixa tão animado.",
				"execute at @s[scores={dialogo=226..,dialogo=..249}] run title @a[r=64,tag=english] actionbar that makes me so excited.",
				"execute at @s[scores={dialogo=250..,dialogo=..275}] run title @a[r=64,tag=portuguese] actionbar Eu, Madara,",
				"execute at @s[scores={dialogo=250..,dialogo=..275}] run title @a[r=64,tag=english] actionbar I, Madara,",
				"execute at @s[scores={dialogo=276..,dialogo=..320}] run title @a[r=64,tag=portuguese] actionbar declaro você o mais forte!",
				"execute at @s[scores={dialogo=276..,dialogo=..320}] run title @a[r=64,tag=english] actionbar declare you the strongest!",
				"execute at @s[scores={dialogo=420..,dialogo=..450}] run particle 5d:edo_tensei ~~1~",
				"execute at @s[scores={dialogo=400}] run tag @a[r=200] remove dialogo",
				"execute at @s[scores={dialogo=450}] run title @a[r=100] title §m§eVocê venceu!",
				"execute at @s[scores={dialogo=450}] run scoreboard players add @a[r=100] xp 105324",
				"execute at @s[scores={dialogo=450}] run give @a[r=64] 5d:boss_madara",
				"execute at @s[scores={dialogo=450}] run fog @a remove porkyn",
				"execute at @s[scores={dialogo=450}] run camera @a[tag=battle_boss_madara,r=64] clear",
				"execute at @s[scores={dialogo=450}] run inputpermission set @a[r=64] camera enabled",
				"execute at @s[scores={dialogo=450}] run inputpermission set @a[r=64] movement enabled",
				"execute at @s[scores={dialogo=450}] run execute at @a[r=100] run tag @s remove battle_boss_madara",
				"execute at @s[scores={dialogo=450}] run execute at @a[r=100] run gamerule doMobSpawning true",
				"execute at @s[scores={dialogo=450}] run function dead/battle_boss_madara",
				"execute at @s[scores={dialogo=450}] run execute as @a[r=100] run tp @s @e[type=5d:local0_boss_madara,c=1]",
				"tp @s[scores={dialogo=500..}] ~~-100~",
				"kill @s[scores={dialogo=550..}]"
				
				
			]
		  }
		}
	  }
	}
  }