{
	"format_version": "1.16.0",
	"minecraft:entity": {
	  "description": {
		"identifier": "5d:shinobi_madara2",
		"is_spawnable": false,
		"is_summonable": true,
		"is_experimental": false
	  },
	  "component_groups": {
		"minecraft:charged_creeper": {
		  "minecraft:is_charged": {}
		},
		"minecraft:exploding": {
		  "minecraft:target_nearby_sensor": {
			"inside_range": 2.5,
			"outside_range": 6.0,
			"must_see": true,
			"on_inside_range": {
			  "event": "minecraft:start_exploding",
			  "target": "self"
			},
			"on_outside_range": {
			  "event": "minecraft:stop_exploding",
			  "target": "self"
			},
			"on_vision_lost_inside_range": {
			  "event": "minecraft:stop_exploding",
			  "target": "self"
			}
		  },
		  "minecraft:behavior.swell": {
			"start_distance": 2.5,
			"stop_distance": 6.0,
			"priority": 2
		  }
		},
		"minecraft:charged_exploding": {
		  "minecraft:target_nearby_sensor": {
			"inside_range": 2.5,
			"outside_range": 6.0,
			"must_see": true,
			"on_inside_range": {
			  "event": "minecraft:start_exploding",
			  "target": "self"
			},
			"on_outside_range": {
			  "event": "minecraft:stop_exploding",
			  "target": "self"
			},
			"on_vision_lost_inside_range": {
			  "event": "minecraft:stop_exploding",
			  "target": "self"
			}
		  },
		  "minecraft:behavior.swell": {
			"start_distance": 2.5,
			"stop_distance": 6.0,
			"priority": 2
		  }
		},
		"minecraft:forced_exploding": {
		  "minecraft:target_nearby_sensor": {
			"inside_range": 2.5,
			"outside_range": 6.0,
			"must_see": true,
			"on_inside_range": {
			  "event": "minecraft:start_exploding_forced",
			  "target": "self"
			},
			"on_outside_range": {
			  "event": "minecraft:stop_exploding",
			  "target": "self"
			},
			"on_vision_lost_inside_range": {
			  "event": "minecraft:stop_exploding",
			  "target": "self"
			}
		  },
		  "minecraft:behavior.swell": {
			"start_distance": 2.5,
			"stop_distance": 6.0,
			"priority": 2
		  }
		},
		"minecraft:forced_charged_exploding": {
		  "minecraft:target_nearby_sensor": {
			"inside_range": 2.5,
			"outside_range": 6.0,
			"must_see": true,
			"on_inside_range": {
			  "event": "minecraft:start_exploding_forced",
			  "target": "self"
			},
			"on_outside_range": {
			  "event": "minecraft:stop_exploding",
			  "target": "self"
			},
			"on_vision_lost_inside_range": {
			  "event": "minecraft:stop_exploding",
			  "target": "self"
			}
		  },
		  "minecraft:behavior.swell": {
			"start_distance": 2.5,
			"stop_distance": 6.0,
			"priority": 2
		  }
		}
	  },
	  "components": {
		"minecraft:boss": {
		  "name": "§lMadara Uchiha",
		  "hud_range": 100
		},
		"minecraft:timer": {
		  "looping": true,
		  "time": 1,
		  "time_down_event": {
			"event": "on:efeitos"
		  }
		},
		"minecraft:is_hidden_when_invisible": {},
		"minecraft:experience_reward": {
		  "on_death": "query.last_hit_by_player ? 5 : 0"
		},
		"minecraft:type_family": {
		  "family": [
			"madara_boss",
			"monster",
			"mob"
		  ]
		},
		"minecraft:breathable": {
		  "total_supply": 15,
		  "suffocate_time": 0
		},
		"minecraft:nameable": {},
		"minecraft:collision_box": {
		  "width": 1.2,
		  "height": 3.6
		},
		"minecraft:movement": {
		  "value": 0.3
		},
		"minecraft:navigation.walk": {
		  "can_path_over_water": true
		},
		"minecraft:movement.basic": {},
		"minecraft:jump.static": {},
		"minecraft:can_climb": {},
		"minecraft:loot": {
		  "table": "loot_tables/entities/shinobi_madara.json"
		},
		"minecraft:health": {
		  "value": 3000,
		  "max": 3000
		},
		"minecraft:hurt_on_condition": {
		  "damage_conditions": [
			{
			  "filters": {
				"test": "in_lava",
				"subject": "self",
				"operator": "==",
				"value": true
			  },
			  "cause": "lava",
			  "damage_per_tick": 4
			}
		  ]
		},
		"minecraft:attack": {
		  "damage": 0
		},
		"minecraft:damage_sensor": {
		  "triggers": {
			"on_damage": {
			  "filters": {
				"test": "is_family",
				"subject": "other",
				"value": "lightning"
			  },
			  "event": "minecraft:become_charged"
			},
			"deals_damage": false
		  }
		},
		"minecraft:interact": {
		  "interactions": {
			"on_interact": {
			  "filters": {
				"all_of": [
				  {
					"test": "is_family",
					"subject": "other",
					"value": "player"
				  },
				  {
					"test": "has_equipment",
					"domain": "hand",
					"subject": "other",
					"value": "flint_and_steel"
				  },
				  {
					"test": "has_component",
					"operator": "!=",
					"value": "minecraft:explode"
				  }
				]
			  },
			  "event": "minecraft:start_exploding_forced",
			  "target": "self"
			},
			"hurt_item": 1,
			"swing": true,
			"play_sounds": "ignite",
			"interact_text": "action.interact.creeper"
		  }
		},
		"minecraft:despawn": {
		  "despawn_from_distance": {}
		},
		"minecraft:behavior.float": {
		  "priority": 0
		},
		"minecraft:behavior.melee_attack": {
		  "priority": 4,
		  "speed_multiplier": 1.25,
		  "track_target": false,
		  "reach_multiplier": 0.0
		},
		"minecraft:behavior.random_stroll": {
		  "priority": 5,
		  "speed_multiplier": 1
		},
		"minecraft:behavior.look_at_player": {
		  "priority": 6,
		  "look_distance": 1000
		},
		"minecraft:behavior.random_look_around": {
		  "priority": 6
		},
		"minecraft:behavior.nearest_attackable_target": {
		  "priority": 1,
		  "must_see": true,
		  "must_see_forget_duration": 3.0,
		  "entity_types": [
			{
			  "filters": {
				"test": "is_family",
				"subject": "other",
				"value": "player"
			  },
			  "max_dist": 1000
			}
		  ]
		},
		"minecraft:scale": {
		  "value": 6.3
		},
		"minecraft:behavior.hurt_by_target": {
		  "priority": 2
		},
		"minecraft:physics": {},
		"minecraft:pushable": {
		  "is_pushable": false,
		  "is_pushable_by_piston": false
		},
		"minecraft:on_target_escape": {
		  "event": "minecraft:stop_exploding",
		  "target": "self"
		},
		"minecraft:conditional_bandwidth_optimization": {},
		"minecraft:on_death": {
		  "event": "on:death",
		  "target": "self"
		}
	  },
	  "events": {
		"on:efeitos": {
		  "queue_command": {
			"command": [


						"scoreboard players add @s[tag=!start] sharingan_time 1",
						"tag @s[scores={sharingan_time=6}] add start",
						"scoreboard players set @s[scores={sharingan_time=6}] random 0",

						//definir 

						"execute at @s[scores={random=0}] run execute at @e[family=player,r=64,rm=16,c=1] run tag @e[type=5d:shinobi_madara2,c=1] add distance4",
						"execute at @s[scores={random=0}] run execute at @e[family=player,r=64,rm=16,c=1] run tag @e[type=5d:shinobi_madara2,c=1] remove distance1",
						"execute at @s[scores={random=0}] run execute at @e[family=player,r=64,rm=16,c=1] run tag @e[type=5d:shinobi_madara2,c=1] remove distance3",
						"execute at @s[scores={random=0}] run execute at @e[family=player,r=64,rm=16,c=1] run tag @e[type=5d:shinobi_madara2,c=1] remove distance2",
						"execute at @s[scores={random=0}] run execute at @e[family=player,r=64,rm=16,c=1] run tag @e[type=5d:shinobi_madara2,c=1] remove player_arma",
						"execute at @s[scores={random=0}] run execute at @e[family=player,r=64,rm=16,c=1] run tag @e[type=5d:shinobi_madara2,c=1] remove player_ninjutsu",
						"execute at @s[scores={random=0}] run execute at @e[family=player,r=64,rm=16,c=1] run tag @e[type=5d:shinobi_madara2,c=1] remove player_impact",

						"execute at @s[scores={random=0}] run execute at @e[family=player,r=16,rm=8,c=1] run tag @e[type=5d:shinobi_madara2,c=1] add distance3",
						"execute at @s[scores={random=0}] run execute at @e[family=player,r=16,rm=8,c=1] run tag @e[type=5d:shinobi_madara2,c=1] remove distance1",
						"execute at @s[scores={random=0}] run execute at @e[family=player,r=16,rm=8,c=1] run tag @e[type=5d:shinobi_madara2,c=1] remove distance4",
						"execute at @s[scores={random=0}] run execute at @e[family=player,r=16,rm=8,c=1] run tag @e[type=5d:shinobi_madara2,c=1] remove distance2",
						"execute at @s[scores={random=0}] run execute at @e[family=player,r=16,rm=8,c=1] run tag @e[type=5d:shinobi_madara2,c=1] remove player_arma",
						"execute at @s[scores={random=0}] run execute at @e[family=player,r=16,rm=8,c=1] run tag @e[type=5d:shinobi_madara2,c=1] remove player_ninjutsu",
						"execute at @s[scores={random=0}] run execute at @e[family=player,r=16,rm=8,c=1] run tag @e[type=5d:shinobi_madara2,c=1] remove player_impact",

						"execute at @s[scores={random=0}] run execute at @e[family=player,r=8,rm=3,c=1] run tag @e[type=5d:shinobi_madara2,c=1] add distance2",
						"execute at @s[scores={random=0}] run execute at @e[family=player,r=8,rm=3,c=1] run tag @e[type=5d:shinobi_madara2,c=1] remove distance1",
						"execute at @s[scores={random=0}] run execute at @e[family=player,r=8,rm=3,c=1] run tag @e[type=5d:shinobi_madara2,c=1] remove distance3",
						"execute at @s[scores={random=0}] run execute at @e[family=player,r=8,rm=3,c=1] run tag @e[type=5d:shinobi_madara2,c=1] remove distance4",
						"execute at @s[scores={random=0}] run execute at @e[family=player,r=8,rm=3,c=1] run tag @e[type=5d:shinobi_madara2,c=1] remove player_arma",
						"execute at @s[scores={random=0}] run execute at @e[family=player,r=8,rm=3,c=1] run tag @e[type=5d:shinobi_madara2,c=1] remove player_ninjutsu",
						"execute at @s[scores={random=0}] run execute at @e[family=player,r=8,rm=3,c=1] run tag @e[type=5d:shinobi_madara2,c=1] remove player_impact",

						"execute at @s[scores={random=0}] run execute at @e[family=player,r=3,c=1] run tag @e[type=5d:shinobi_madara2,c=1] add distance1",
						"execute at @s[scores={random=0}] run execute at @e[family=player,r=3,c=1] run tag @e[type=5d:shinobi_madara2,c=1] remove distance2",
						"execute at @s[scores={random=0}] run execute at @e[family=player,r=3,c=1] run tag @e[type=5d:shinobi_madara2,c=1] remove distance3",
						"execute at @s[scores={random=0}] run execute at @e[family=player,r=3,c=1] run tag @e[type=5d:shinobi_madara2,c=1] remove distance4",
						"execute at @s[scores={random=0}] run execute at @e[family=player,r=3,c=1] run tag @e[type=5d:shinobi_madara2,c=1] remove player_arma",
						"execute at @s[scores={random=0}] run execute at @e[family=player,r=3,c=1] run tag @e[type=5d:shinobi_madara2,c=1] remove player_ninjutsu",
						"execute at @s[scores={random=0}] run execute at @e[family=player,r=3,c=1] run tag @e[type=5d:shinobi_madara2,c=1] remove player_impact",

						"execute at @s[scores={random=0}] run execute at @e[family=player,c=1,tag=executando_arma,r=8] run tag @e[type=5d:shinobi_madara2,c=1] add player_arma",
						"execute at @s[scores={random=0}] run execute at @e[family=player,c=1,tag=executando_arma,r=8] run tag @e[type=5d:shinobi_madara2,c=1] remove distance1",
						"execute at @s[scores={random=0}] run execute at @e[family=player,c=1,tag=executando_arma,r=8] run tag @e[type=5d:shinobi_madara2,c=1] remove distance2",
						"execute at @s[scores={random=0}] run execute at @e[family=player,c=1,tag=executando_arma,r=8] run tag @e[type=5d:shinobi_madara2,c=1] remove distance3",
						"execute at @s[scores={random=0}] run execute at @e[family=player,c=1,tag=executando_arma,r=8] run tag @e[type=5d:shinobi_madara2,c=1] remove distance4",
						"execute at @s[scores={random=0}] run execute at @e[family=player,c=1,tag=executando_arma,r=8] run tag @e[type=5d:shinobi_madara2,c=1] remove player_ninjutsu",
						"execute at @s[scores={random=0}] run execute at @e[family=player,c=1,tag=executando_arma,r=8] run tag @e[type=5d:shinobi_madara2,c=1] remove player_impact",

						"execute at @s[scores={random=0}] run execute at @e[family=player,c=1,tag=impact_player,r=8] run tag @e[type=5d:shinobi_madara2,c=1] add player_impact",
						"execute at @s[scores={random=0}] run execute at @e[family=player,c=1,tag=impact_player,r=8] run tag @e[type=5d:shinobi_madara2,c=1] remove distance1",
						"execute at @s[scores={random=0}] run execute at @e[family=player,c=1,tag=impact_player,r=8] run tag @e[type=5d:shinobi_madara2,c=1] remove distance2",
						"execute at @s[scores={random=0}] run execute at @e[family=player,c=1,tag=impact_player,r=8] run tag @e[type=5d:shinobi_madara2,c=1] remove distance3",
						"execute at @s[scores={random=0}] run execute at @e[family=player,c=1,tag=impact_player,r=8] run tag @e[type=5d:shinobi_madara2,c=1] remove distance4",
						"execute at @s[scores={random=0}] run execute at @e[family=player,c=1,tag=impact_player,r=8] run tag @e[type=5d:shinobi_madara2,c=1] remove player_arma",
						"execute at @s[scores={random=0}] run execute at @e[family=player,c=1,tag=impact_player,r=8] run tag @e[type=5d:shinobi_madara2,c=1] remove player_ninjutsu",


						"scoreboard players add @s[tag=!poisebreak,tag=start] dialogo 1",

						//distance1
						"scoreboard players random @s[tag=distance1,scores={dialogo=1}] random 1 4",
						"execute at @s[tag=distance1,scores={dialogo=1,random=1}] run function habilidades_boss/attack8_madara",
						"execute at @s[tag=distance1,scores={dialogo=1,random=2}] run function habilidades_boss/attack5_madara",
						"execute at @s[tag=distance1,scores={dialogo=1,random=3}] run function habilidades_boss/attack1_madara",
						"execute at @s[tag=distance1,scores={dialogo=1,random=4}] run function habilidades_boss/attack3_madara",

						"scoreboard players set @s[tag=distance1,scores={dialogo=9..,random=1}] random 0",
						"scoreboard players set @s[tag=distance1,scores={dialogo=9..,random=0}] dialogo 0",
						"scoreboard players set @s[tag=distance1,scores={dialogo=4..,random=2}] random 0",
						"scoreboard players set @s[tag=distance1,scores={dialogo=4..,random=0}] dialogo 0",
						"scoreboard players set @s[tag=distance1,scores={dialogo=4..,random=3}] random 0",
						"scoreboard players set @s[tag=distance1,scores={dialogo=4..,random=0}] dialogo 0",
						"scoreboard players set @s[tag=distance1,scores={dialogo=4..,random=4}] random 0",
						"scoreboard players set @s[tag=distance1,scores={dialogo=4..,random=0}] dialogo 0",

						//distance2
						"scoreboard players random @s[tag=distance2,scores={dialogo=1}] random 1 4",
						"execute at @s[tag=distance2,scores={dialogo=1,random=1}] run function habilidades_boss/attack8_madara",
						"execute at @s[tag=distance2,scores={dialogo=1,random=2}] run function habilidades_boss/attack4_madara",
						"execute at @s[tag=distance2,scores={dialogo=1,random=3}] run function habilidades_boss/attack1_madara",
						"execute at @s[tag=distance2,scores={dialogo=1,random=4}] run function habilidades_boss/attack1_madara",

						"scoreboard players set @s[tag=distance2,scores={dialogo=9..,random=1}] random 0",
						"scoreboard players set @s[tag=distance2,scores={dialogo=9..,random=0}] dialogo 0",
						"scoreboard players set @s[tag=distance2,scores={dialogo=9..,random=2}] random 0",
						"scoreboard players set @s[tag=distance2,scores={dialogo=9..,random=0}] dialogo 0",
						"scoreboard players set @s[tag=distance2,scores={dialogo=9..,random=3}] random 0",
						"scoreboard players set @s[tag=distance2,scores={dialogo=9..,random=0}] dialogo 0",
						"scoreboard players set @s[tag=distance2,scores={dialogo=9..,random=4}] random 0",
						"scoreboard players set @s[tag=distance2,scores={dialogo=9..,random=0}] dialogo 0",

						
						//distance3
						"scoreboard players random @s[tag=distance3,scores={dialogo=1}] random 1 4",
						"execute at @s[tag=distance3,scores={dialogo=1,random=1}] run function habilidades_boss/attack6_madara",
						"execute at @s[tag=distance3,scores={dialogo=1,random=2}] run function habilidades_boss/attack6_madara",
						"execute at @s[tag=distance3,scores={dialogo=1,random=3}] run function habilidades_boss/attack8_madara",
						"execute at @s[tag=distance3,scores={dialogo=1,random=4}] run function habilidades_boss/attack8_madara",

						"scoreboard players set @s[tag=distance3,scores={dialogo=6..,random=1}] random 0",
						"scoreboard players set @s[tag=distance3,scores={dialogo=6..,random=0}] dialogo 0",
						"scoreboard players set @s[tag=distance3,scores={dialogo=4..,random=2}] random 0",
						"scoreboard players set @s[tag=distance3,scores={dialogo=4..,random=0}] dialogo 0",
						"scoreboard players set @s[tag=distance3,scores={dialogo=9..,random=3}] random 0",
						"scoreboard players set @s[tag=distance3,scores={dialogo=9..,random=0}] dialogo 0",
						"scoreboard players set @s[tag=distance3,scores={dialogo=9..,random=4}] random 0",
						"scoreboard players set @s[tag=distance3,scores={dialogo=9..,random=0}] dialogo 0",

						//distance4
						"scoreboard players random @s[tag=distance4,scores={dialogo=1}] random 1 4",
						"execute at @s[tag=distance4,scores={dialogo=1,random=1}] run function habilidades_boss/attack8_madara",
						"execute at @s[tag=distance4,scores={dialogo=1,random=2}] run function habilidades_boss/attack8_madara",
						"execute at @s[tag=distance4,scores={dialogo=1,random=3}] run function habilidades_boss/attack8_madara",
						"execute at @s[tag=distance4,scores={dialogo=1,random=4}] run function habilidades_boss/attack8_madara",

						"scoreboard players set @s[tag=distance4,scores={dialogo=9..,random=1}] random 0",
						"scoreboard players set @s[tag=distance4,scores={dialogo=9..,random=0}] dialogo 0",
						"scoreboard players set @s[tag=distance4,scores={dialogo=9..,random=2}] random 0",
						"scoreboard players set @s[tag=distance4,scores={dialogo=9..,random=0}] dialogo 0",
						"scoreboard players set @s[tag=distance4,scores={dialogo=9..,random=3}] random 0",
						"scoreboard players set @s[tag=distance4,scores={dialogo=9..,random=0}] dialogo 0",
						"scoreboard players set @s[tag=distance4,scores={dialogo=9..,random=4}] random 0",
						"scoreboard players set @s[tag=distance4,scores={dialogo=9..,random=0}] dialogo 0",


						//player arma

						"scoreboard players random @s[tag=player_arma,scores={dialogo=1}] random 1 4",
						"execute at @s[tag=player_arma,scores={dialogo=1,random=1}] run function habilidades_boss/attack3_madara",
						"execute at @s[tag=player_arma,scores={dialogo=1,random=2}] run function habilidades_boss/attack3_madara",
						"execute at @s[tag=player_arma,scores={dialogo=1,random=3}] run function habilidades_boss/attack8_madara",
						"execute at @s[tag=player_arma,scores={dialogo=1,random=4}] run function habilidades_boss/attack5_madara",


						"scoreboard players set @s[tag=player_arma,scores={dialogo=4..,random=1}] random 0",
						"scoreboard players set @s[tag=player_arma,scores={dialogo=4..,random=0}] dialogo 0",
						"scoreboard players set @s[tag=player_arma,scores={dialogo=4..,random=2}] random 0",
						"scoreboard players set @s[tag=player_arma,scores={dialogo=4..,random=0}] dialogo 0",
						"scoreboard players set @s[tag=player_arma,scores={dialogo=9..,random=3}] random 0",
						"scoreboard players set @s[tag=player_arma,scores={dialogo=9..,random=0}] dialogo 0",
						"scoreboard players set @s[tag=player_arma,scores={dialogo=6..,random=4}] random 0",
						"scoreboard players set @s[tag=player_arma,scores={dialogo=6..,random=0}] dialogo 0",

						//impact_player

						"scoreboard players random @s[tag=player_impact,scores={dialogo=1}] random 1 4",
						"execute at @s[tag=player_impact,scores={dialogo=1,random=1}] run function habilidades_boss/attack1_madara",
						"execute at @s[tag=player_impact,scores={dialogo=1,random=2}] run function habilidades_boss/attack1_madara",
						"execute at @s[tag=player_impact,scores={dialogo=1,random=3}] run function habilidades_boss/attack1_madara",
						"execute at @s[tag=player_impact,scores={dialogo=1,random=4}] run function habilidades_boss/attack1_madara",


						"scoreboard players set @s[tag=player_impact,scores={dialogo=4..,random=1}] random 0",
						"scoreboard players set @s[tag=player_impact,scores={dialogo=4..,random=0}] dialogo 0",
						"scoreboard players set @s[tag=player_impact,scores={dialogo=4..,random=2}] random 0",
						"scoreboard players set @s[tag=player_impact,scores={dialogo=4..,random=0}] dialogo 0",
						"scoreboard players set @s[tag=player_impact,scores={dialogo=4..,random=3}] random 0",
						"scoreboard players set @s[tag=player_impact,scores={dialogo=4..,random=0}] dialogo 0",
						"scoreboard players set @s[tag=player_impact,scores={dialogo=4..,random=4}] random 0",
						"scoreboard players set @s[tag=player_impact,scores={dialogo=4..,random=0}] dialogo 0"

			]
		  }
		},
		"on:death": {
		  "queue_command": {
			"command": [
				"function clear_armor",
				"execute at @s[tag=!dead_player] run tag @a[r=64] add dialogo",
				"execute at @s[tag=!dead_player] run execute at @e[type=5d:local2_boss_madara,c=1] run summon 5d:susanoo_madara_parado ~~~",
				"execute at @s[tag=!dead_player] run effect @e[type=5d:susanoo_madara_parado] invisibility 99999 255 true",
				"execute at @s[tag=!dead_player] run replaceitem entity @s[type=5d:susanoo_madara_parado] slot.armor.head 1 5d:susanoo4_madara_boss 1 0 {\"minecraft:item_lock\": {\"mode\": \"lock_in_inventory\"}}"
				
			]
		  }
		}
	  }
	}
  }