{
	"format_version": "1.18.0",
	"minecraft:entity": {
	  "description": {
		"identifier": "5d:susanoo_madara_parado",
		"is_spawnable": false,
		"is_summonable": true,
		"is_experimental": false
	  },
	  "component_groups": {},
	  "components": {
		"minecraft:type_family": {
		  "family": ["objeto"]
		},
		"minecraft:scale": {
			"value": 6.3
		  },
		  "minecraft:health": {
			  "value": 1000000,
			  "max": 1000000
			},
		"minecraft:knockback_resistance": {
		  "protection": 1
		},
		"minecraft:collision_box": {
		  "width": 0,
		  "height": 0
		},
		"minecraft:nameable": {},
		"minecraft:physics": {},
		"minecraft:pushable": {
		  "is_pushable": false,
		  "is_pushable_by_piston": false
		},
		"minecraft:timer": {
		  "looping": true,
		  "time": 0,
		  "time_down_event": {
			"event": "on:efeitos"
		  }
		}
	  },
	  "events": {
		"on:efeitos": {
		  "queue_command": {
			"command": [
				"scoreboard players add @s dialogo 1",

				"execute at @s[scores={dialogo=1}] run inputpermission set @a[tag=battle_boss_madara,r=64] camera disabled",
				"execute at @s[scores={dialogo=1}] run inputpermission set @a[tag=battle_boss_madara,r=64] movement disabled",
				"execute at @s[scores={dialogo=1}] run execute at @a[tag=battle_boss_madara,r=64] run execute as @e[type=5d:local1_boss_madara,c=1] run tp @a[tag=battle_boss_madara,r=64] ^^^-18",
				"execute at @s[scores={dialogo=1}] run execute as @a[tag=battle_boss_madara,r=64] run camera @s set minecraft:free pos ~~10~5 rot 0 180",
				"execute at @s[scores={dialogo=20}] run playsound boss_madara_int3 @a[r=64] ~~~ 2.0 1.0 1.0",
				"execute at @s[scores={dialogo=160}] run execute as @a[tag=battle_boss_madara,r=64] run camera @s set minecraft:free ease 1 linear pos ~~2~10 rot 0 180",
				"execute at @s[scores={dialogo=180}] run execute as @a[tag=battle_boss_madara,r=64] run camera @s set minecraft:free pos ~~2~10 rot 0 180",
				"execute at @s[scores={dialogo=180}] run execute as @a[tag=battle_boss_madara,r=64] run camera @s set minecraft:free ease 10 linear pos ~~2~5 rot 0 180",
				"execute at @s[scores={dialogo=650}] run camera @a[tag=battle_boss_madara,r=64] clear",
				"execute at @s[scores={dialogo=650}] run inputpermission set @a[tag=battle_boss_madara,r=64] camera enabled",
				"execute at @s[scores={dialogo=650}] run inputpermission set @a[tag=battle_boss_madara,r=64] movement enabled",

				"execute at @s[scores={dialogo=140}] run effect @e[type=5d:susanoo_madara_parado,c=1] invisibility 99999 255 true",
				"replaceitem entity @s[scores={dialogo=140}] slot.armor.head 1 air",
				"replaceitem entity @s[scores={dialogo=140}] slot.weapon.mainhand 1 air",
				"kill @s[scores={dialogo=900..}]",
			
				"execute at @s[scores={dialogo=140}] run summon 5d:shinobi_madara_parado3 ~~~",
				"execute at @s[scores={dialogo=140}] run summon 5d:gunbai_chao ~1~~",
				"execute at @s[scores={dialogo=140}] run replaceitem entity @e[type=5d:shinobi_madara_parado3] slot.armor.legs 1 5d:armadura_madara1 1 0 {\"minecraft:item_lock\": {\"mode\": \"lock_in_inventory\"}}",
				"execute at @s[scores={dialogo=140}] run replaceitem entity @e[type=5d:shinobi_madara_parado3] slot.armor.legs 1 5d:armadura_madara1 1 0 {\"minecraft:item_lock\": {\"mode\": \"lock_in_inventory\"}}",
				"execute at @s[scores={dialogo=140}] run replaceitem entity @e[type=5d:shinobi_madara_parado3] slot.armor.feet 1 5d:hair_madara_preto 1 0 {\"minecraft:item_lock\": {\"mode\": \"lock_in_inventory\"}}",
				"tp @s[scores={dialogo=880..}] ~~100~"
			]
		  }
		}
	  }
	}
  }