{
	"format_version": "1.18.0",
	"minecraft:entity": {
	  "description": {
		"identifier": "5d:creditos",
		"is_spawnable": false,
		"is_summonable": true,
		"is_experimental": false
	  },
	  "component_groups": {},
	  "components": {
		"minecraft:type_family": {
		  "family": ["objeto"]
		},
		"minecraft:scale": {
			"value": 1.3
		  },
		  "minecraft:health": {
			  "value": 1000000,
			  "max": 1000000
			},
		"minecraft:knockback_resistance": {
		  "protection": 1
		},
		"minecraft:collision_box": {
		  "width": 0,
		  "height": 0
		},
		"minecraft:nameable": {},
		"minecraft:physics": {},
		"minecraft:pushable": {
		  "is_pushable": true,
		  "is_pushable_by_piston": true
		},
		"minecraft:timer": {
		  "looping": true,
		  "time": 1,
		  "time_down_event": {
			"event": "on:efeitos"
		  }
		}
	  },
	  "events": {
		"on:efeitos": {
		  "queue_command": {
			"command": [
				"scoreboard players add @s dialogo 1",
				"tag @a[r=200] add dialogo",
				"execute at @s[scores={dialogo=4}] run playsound boss_madara_int @a[r=200]",
				"execute at @s[scores={dialogo=10}] run stopsound @a[r=200]",
				"execute at @s[scores={dialogo=4..,dialogo=..7}] run camerashake add @a 1 1 positional",
				"execute at @s[scores={dialogo=2..,dialogo=..10}] run execute at @e[type=5d:caixao_edo] run particle 5d:terra_caixao ~~-1~",
				"execute at @s[scores={dialogo=10}] run summon 5d:porkyn_play_parado",
				"execute at @s[scores={dialogo=1}] run summon 5d:caixao_edo",
				"execute at @s[scores={dialogo=10}] run replaceitem entity @e[type=5d:porkyn_play_parado] slot.armor.head 1 5d:gunbai_costas_boss",
				"execute at @s[scores={dialogo=11}] run playanimation @e[type=5d:caixao_edo] animation.abrir_caixao porkyn 1",
				"execute at @s[scores={dialogo=14}] run playanimation @e[type=5d:porkyn_play_parado] animation.madara_int1 porkyn 1",
				"execute at @s[scores={dialogo=10}] run tellraw @a[r=64] {\"rawtext\":[{\"text\":\"§e<Porkyn Play> entrou no mundo!\"}]}",
				"execute at @s[scores={dialogo=18}] run tellraw @a[r=64] {\"rawtext\":[{\"text\":\"<Porkyn Play> Uau! Então você realmente derrotou o madara?\"}]}",
				"execute at @s[scores={dialogo=22}] run tellraw @a[r=64] {\"rawtext\":[{\"text\":\"<Porkyn Play> Brabo demais! ganhou meu respeito.\"}]}",
				"execute at @s[scores={dialogo=26}] run tellraw @a[r=64] {\"rawtext\":[{\"text\":\"<Porkyn Play> E você zerou o mod, parabéns!\"}]}",
				"execute at @s[scores={dialogo=30}] run tellraw @a[r=64] {\"rawtext\":[{\"text\":\"<Porkyn Play> Se você quer que este mod continue atualizando, colá lá no servidor do discord (Link no meu canal Porkyn Play), você também pode contrinuir para o mod financeiramente, toda ajuda é bem-vinda!\"}]}",
				"execute at @s[scores={dialogo=38}] run tellraw @a[r=64] {\"rawtext\":[{\"text\":\"<Porkyn Play> Bem, eu vou nessa.\"}]}",
				"execute at @s[scores={dialogo=44}] run tellraw @a[r=64] {\"rawtext\":[{\"text\":\"<Porkyn Play> Na próxima vez que nos encontrarmos, o mundo terá conhecido a verdadeira dor!.\"}]}",
				"execute at @s[scores={dialogo=48}] run summon 5d:tronco ~~~",
				"execute at @s[scores={dialogo=48}] run tp @e[type=5d:porkyn_play_parado] ~~-100~",
				"execute at @s[scores={dialogo=49}] run kill @e[type=5d:porkyn_play_parado]"
			]
		  }
		}
	  }
	}
  }