{
  "format_version": "1.20.80",
  "minecraft:item": {
      "description": {
          "identifier": "5d:livro_vila2",
          "menu_category": {
            "category": "equipment"
        }
    },
      "components": {
          "minecraft:icon": {
              "textures": {
                  "default": "book_normal"
              }
          },
          "minecraft:display_name": {
      "value": "Vila"
          },
          "minecraft:max_stack_size": 1,
          "minecraft:allow_off_hand": false
          }
      }
  }
