{
	"format_version": "1.18.0",
	"minecraft:entity": {
	  "description": {
		"identifier": "5d:item_ferro",
		"is_spawnable": false,
		"is_summonable": true,
		"is_experimental": false
	  },
	  "component_groups": {},
	  "components": {
		"minecraft:type_family": {
		  "family": ["objeto","item"]
		},
		"minecraft:scale": {
			"value": 0
		  },
		  "minecraft:health": {
			  "value": 1000000,
			  "max": 1000000
			},
		"minecraft:knockback_resistance": {
		  "protection": 1
		},
		"minecraft:collision_box": {
		  "width": 0,
		  "height": 0
		},
		"minecraft:nameable": {},
		"minecraft:physics": {},
		"minecraft:pushable": {
		  "is_pushable": true,
		  "is_pushable_by_piston": true
		},
		"minecraft:timer": {
		  "looping": true,
		  "time": 0,
		  "time_down_event": {
			"event": "on:efeitos"
		  }
		}
	  },
	  "events": {
		"on:efeitos": {
		  "queue_command": {
			"command": [
			"tag @a[r=4,rm=2] remove dialogo",
			"tag @a[r=2] add dialogo",

			"execute at @s[tag=!pegar_item] run particle 5d:item ~~~",
			"title @a[r=2] actionbar §lPepita de Ferro",

			"execute at @s[tag=pegar_item,tag=!kill] run give @p[r=3] iron_nugget",
			"execute at @s[tag=pegar_item,tag=!kill] run tag @p[r=3] remove dialogo",

			"execute at @s[tag=pegar_item] run tag @s add kill",
			"scoreboard players add @s[tag=kill] dialogo 1",
			"tp @s[scores={dialogo=1}] ~~-100~",
			"kill @s[scores={dialogo=30}]"
			]
		  }
		}
	  }
	}
  }