{
	"format_version": "1.18.0",
	"minecraft:entity": {
	  "description": {
		"identifier": "5d:spawnar_item",
		"is_spawnable": false,
		"is_summonable": true,
		"is_experimental": false
	  },
	  "component_groups": {},
	  "components": {
		"minecraft:type_family": {
		  "family": ["objeto"]
		},
		"minecraft:scale": {
			"value": 0
		  },
		  "minecraft:health": {
			  "value": 1000000,
			  "max": 1000000
			},
		"minecraft:knockback_resistance": {
		  "protection": 1
		},
		"minecraft:collision_box": {
		  "width": 0,
		  "height": 0
		},
		"minecraft:nameable": {},
		"minecraft:physics": {},
		"minecraft:pushable": {
		  "is_pushable": true,
		  "is_pushable_by_piston": true
		},
		"minecraft:timer": {
		  "looping": true,
		  "time": 0,
		  "time_down_event": {
			"event": "on:efeitos"
		  }
		}
	  },
	  "events": {
		"on:efeitos": {
		  "queue_command": {
			"command": [
				"execute at @p[scores={level=1..,level=..20}] run tag @e[c=1,type=5d:spawnar_item] add level20",
				"execute at @p[scores={level=21..,level=..40}] run tag @e[c=1,type=5d:spawnar_item] add level40",
				"execute at @p[scores={level=41..,level=..60}] run tag @e[c=1,type=5d:spawnar_item] add level60",
				"execute at @p[scores={level=61..,level=..80}] run tag @e[c=1,type=5d:spawnar_item] add level80",
				"execute at @p[scores={level=81..,level=..100}] run tag @e[c=1,type=5d:spawnar_item] add level100",

				//level20
				"execute at @s[tag=level20] run summon 5d:item_ferro ~~~",
				"kill @s[tag=level20]",

				//level40
				"scoreboard players random @s[tag=level40] random 1 8",
				"execute at @s[tag=level40,scores={random=1}] run summon 5d:item_ferro ~~~",
				"execute at @s[tag=level40,scores={random=2}] run summon 5d:item_ouro ~~~",
				"execute at @s[tag=level40,scores={random=3..,random=..8}] run summon 5d:item_diamante ~~~",
				"kill @s[tag=level40]",

				//level60
				"scoreboard players random @s[tag=level60] random 1 10",
				"execute at @s[tag=level60,scores={random=1}] run summon 5d:item_ferro ~~~",
				"execute at @s[tag=level60,scores={random=2}] run summon 5d:item_diamante ~~~",
				"execute at @s[tag=level60,scores={random=4}] run summon 5d:item_ouro ~~~",
				"execute at @s[tag=level60,scores={random=5..,random=..10}] run summon 5d:item_netherite ~~~",
				"kill @s[tag=level60]",

				//level80
				"scoreboard players random @s[tag=level80] random 1 15",
				"execute at @s[tag=level80,scores={random=1}] run summon 5d:item_ferro ~~~",
				"execute at @s[tag=level80,scores={random=2}] run summon 5d:item_diamante ~~~",
				"execute at @s[tag=level80,scores={random=3}] run summon 5d:item_netherite ~~~",
				"execute at @s[tag=level80,scores={random=5}] run summon 5d:item_ouro ~~~",
				"kill @s[tag=level80]",

				//level100
				"scoreboard players random @s[tag=level100] random 1 15",
				"execute at @s[tag=level100,scores={random=1}] run summon 5d:item_ferro ~~~",
				"execute at @s[tag=level100,scores={random=2}] run summon 5d:item_diamante ~~~",
				"execute at @s[tag=level100,scores={random=3}] run summon 5d:item_netherite ~~~",
				"execute at @s[tag=level100,scores={random=5}] run summon 5d:item_ouro ~~~",
				"execute at @s[tag=level100,scores={random=8..,random=..15}] run summon 5d:item_diamante ~~~",
				"kill @s[tag=level100]"
			]
		  }
		}
	  }
	}
  }