{
    "format_version": "1.20.80",
    "minecraft:item": {
        "description": {
            "identifier": "5d:estilo_gelo1",
            "menu_category": {
                "category": "equipment"
            }
        },
        "components": {
            "minecraft:icon": {
                "textures": {
                    "default": "estilo_gelo1"
                }
            },
            "minecraft:display_name": {
				"value": "Estilo gelo"
            },
            "minecraft:max_stack_size": 1,
            "minecraft:allow_off_hand": false
            }
        }
    }
