{
    "format_version":  "1.10.0",
    "minecraft:entity":  {
        "description":  {
            "identifier":  "5d:machinima_kakashi",
            "is_spawnable":  true,
            "is_summonable":  true,
            "is_experimental":  false
        },
        "component_groups":  {
            "become_zombie":  {
                "minecraft:transformation":  {
                    "into":  "minecraft:zombie_villager"
                }
            },
            "baby":  {
                "minecraft:is_baby":  {
                    
                },
                "minecraft:scale":  {
                    "value":  0.5
                },
                "minecraft:ageable":  {
                    "duration":  1200,
                    "grow_up":  {
                        "event":  "minecraft:ageable_grow_up",
                        "target":  "self"
                    }
                },
                "minecraft:behavior.take_flower":  {
                    "priority":  7
                },
                "minecraft:behavior.play":  {
                    "priority":  8,
                    "speed_multiplier":  0.32
                }
            },
            "adult":  {
                "minecraft:behavior.make_love":  {
                    "priority":  6
                },
                "minecraft:behavior.receive_love":  {
                    "priority":  7
                }
            }
        },
        "components":  {
            "minecraft:type_family":  {
                "family":  [
                    "npc"
                ]
            },
            "minecraft:breathable":  {
                "totalSupply":  15,
                "suffocateTime":  0
            },
            "minecraft:health":  {
                "value":  10000000,
                "max":  10000000
            },
            "minecraft:collision_box":  {
                "height":  1.8,
                "width":  0.6
            },
            "minecraft:nameable":  {
                "alwaysShow":  true,
                "allowNameTagRenaming":  true
            },
            "minecraft:movement":  {
                "value":  0
            },
            "minecraft:navigation.walk":  {
                "is_amphibious":  true,
                "can_path_over_water":  true,
                "can_pass_doors":  true,
                "can_open_doors":  true,
                "can_walk":  true,
                "avoid_water":  true
            },
            "minecraft:annotation.open_door":  {
                
            },
            "minecraft:movement.basic":  {
                
            },
            "minecraft:jump.static":  {
                
            },
            "minecraft:can_climb":  {
                
            },
            "minecraft:inventory":  {
                "container_type":  "container",
                "inventory_size":  8
            },
            "minecraft:damage_sensor":  [
                {
                    "on_damage":  {
                        "filters":  {
                            "test":  "is_family",
                            "subject":  "other",
                            "value":  "lightning"
                        },
                        "event":  "become_witch"
                    },
                    "deals_damage":  false
                },
                {
                    "on_damage":  {
                        "filters":  {
                            "any_of":  [
                                {
                                    "test":  "is_family",
                                    "subject":  "other",
                                    "value":  "zombie"
                                },
                                {
                                    "test":  "is_family",
                                    "subject":  "other",
                                    "value":  "husk"
                                }
                            ],
                            "all_of":  [
                                {
                                    "test":  "has_damage",
                                    "value":  "fatal"
                                }
                            ]
                        },
                        "event":  "become_zombie"
                    }
                }
            ],
            "minecraft:behavior.float":  {
                "priority":  0
            },
            "minecraft:behavior.panic":  {
                "priority":  3,
                "speed_multiplier":  0.6
            },
            "minecraft:behavior.move_indoors":  {
                "priority":  4,
                "speed_multiplier":  0.8
            },
            "minecraft:behavior.restrict_open_door":  {
                "priority":  5
            },
            "minecraft:behavior.move_towards_restriction":  {
                "priority":  7,
                "speed_multiplier":  0.6
            },
            "minecraft:behavior.share_items":  {
                "priority":  8,
                "max_dist":  3,
                "goal_radius":  2,
                "speed_multiplier":  0.5,
                "entity_types":  [
                    {
                        "filters":  {
                            "test":  "is_family",
                            "subject":  "other",
                            "value":  "villager"
                        }
                    }
                ]
            },
            "minecraft:behavior.random_stroll":  {
                "priority":  11,
                "speed_multiplier":  0.6
            },
            "minecraft:behavior.look_at_player":  {
                "priority":  12,
                "look_distance":  8,
                "probability":  0.02
            },
            "minecraft:physics":  {
                
            },
            "minecraft:experience_reward":  {
                "on_death":  "query.last_hit_by_player ? 0 : 0"
            },
            "minecraft:underwater_movement":  {
                "value":  0.02
            },
            "minecraft:scale":  {
                "value":  1.3
            },
            "minecraft:npc":  {
                
            },
            "minecraft:equip_item":  {
                
            },
			"minecraft:timer": {
				"looping": true,
				"time": 0,
				"time_down_event": {
				  "event": "on:efeitos"
				}
			  }
			},
        "events":  {
			"on:efeitos": {
				"queue_command": {
				  "command": [
                    "scoreboard players random @s[tag=!feito] dialogo 1 2",
                    "playanimation @s[scores={dialogo=2}] animation.livro_kakashi porkyn 100000",
                    "replaceitem entity @s[scores={dialogo=2},tag=!feito] slot.weapon.mainhand 1 5d:livro_kakashi 1 0 {\"minecraft:item_lock\": {\"mode\": \"lock_in_inventory\"}}",
					"replaceitem entity @s[tag=!feito] slot.armor.chest 1 5d:armadura_kakashi1 1 0 {\"minecraft:item_lock\": {\"mode\": \"lock_in_inventory\"}}",
					"replaceitem entity @s[tag=!feito] slot.armor.feet 1 5d:hair_kakashi1_branco 1 0 {\"minecraft:item_lock\": {\"mode\": \"lock_in_inventory\"}}",
					"tag @s add feito"
				  ]
				}
        }
    }
}
}
