{
	"format_version": "1.18.0",
	"minecraft:entity": {
		"description": {
			"identifier": "5d:clone_grande",
			"is_spawnable": false,
			"is_summonable": true,
			"is_experimental": false
		},

		"component_groups": {},

		"components": {
			"minecraft:type_family": {
				"family": [
					"konoha"
				]
			},
			"minecraft:scale":{
				"value": 5
			},
			"minecraft:boss": {
				"name": "§lShinobi Konoha",
				"hud_range": 5
			},
			"minecraft:timer":
			{
				"looping": true,
				"time": 20,
				"time_down_event": {
					"event": "on:efeitos"
				}
			},
			
			"minecraft:knockback_resistance": {
				"protection": 1
			  },
			"minecraft:behavior.hurt_by_target": {
				"priority": 1
			},
			"minecraft:attack": {
				"damage": 5
			},
			"minecraft:behavior.melee_attack": {
				"priority": 1,
				"speed_multiplier": 1,
				"track_target": false
			},
			"minecraft:breathable": {
				"total_supply": 15,
				"suffocate_time": 0
			},
			"minecraft:navigation.walk": {
				"can_path_over_water": true,
				"avoid_water": true,
				"avoid_damage_blocks": true
			},
			"minecraft:movement.basic": {},
			"minecraft:jump.static": {},
			"minecraft:can_climb": {},
			"minecraft:collision_box": {
				"width": 0.6,
				"height": 1.9
			},
			"minecraft:nameable": {},
			"minecraft:health": {
				"value": 100,
				"max": 100
			},
			"minecraft:hurt_on_condition": {
				"damage_conditions": [
					{
						"filters": {
							"test": "in_lava",
							"subject": "self",
							"operator": "==",
							"value": true
						},
						"cause": "lava",
						"damage_per_tick": 4
					}
				]
			},

			"minecraft:behavior.nearest_attackable_target": {
				"priority": 2,
				"must_see": true,
				"reselect_targets": true,
				"within_radius": 25.0,
				"must_see_forget_duration": 17.0,
				"entity_types": 
				  {
					"filters": {
					  "any_of": [
						{ "test": "is_family", "subject": "other", "value": "player" }
					  ]
					},
					"max_dist": 35
				  }
				  
			},
			"minecraft:movement": {
				"value": 0.5
			},
			"minecraft:behavior.float": {
				"priority": 0
			},
			
			"minecraft:behavior.random_stroll": {
				"priority": 6,
				"speed_multiplier": 0.5
			},
			"minecraft:behavior.look_at_player": {
				"priority": 7,
				"look_distance": 6,
				"probability": 0.02
			},
			"minecraft:behavior.random_look_around": {
				"priority": 9
			},
			"minecraft:balloonable": {},
			"minecraft:physics": {},
			"minecraft:pushable": {
				"is_pushable": true,
				"is_pushable_by_piston": true
			},
			"minecraft:loot": {
				"table": "loot_tables/entities/naruto_kid.json"
			},
			"minecraft:test_angry": {
				"minecraft:angry": {
					"duration": 25,
					"broadcast_anger": true,
					"broadcast_range": 20,
					"calm_event": {
						"event": "minecraft:on_calm",
						"target": "self"
					}
				}
			},
			"minecraft:test_calm": {
				"minecraft:on_target_acquired": {
					"event": "minecraft:become_angry",
					"target": "self"
				}
			},
			"minecraft:on_death": {
				"event": "on:death",
				"target": "self"
			}
		},
		"events": {
			"minecraft:become_angry": {
				"remove": {
					"component_groups": [
						"minecraft:test_calm"
					]
				},
				"add": {
					"component_groups": [
						"minecraft:test_angry"
					]
				}
			},
			"on:death": {
				"queue_command": {
				  "command": [
					"particle minecraft:egg_destroy_emitter ~1~1~",
					"particle minecraft:egg_destroy_emitter ~1~~"
				  ]
				}
			  },
			  "on:efeitos": {
				"queue_command": {
				  "command": [
"kill @s"
				  ]
				}
			  }
		}
	}
}