{
	"format_version": "1.18.0",
	"minecraft:entity": {
	  "description": {
		"identifier": "5d:gunbai_chao",
		"is_spawnable": false,
		"is_summonable": true,
		"is_experimental": false
	  },
	  "component_groups": {},
	  "components": {
		"minecraft:type_family": {
		  "family": ["objeto"]
		},
		"minecraft:scale": {
		  "value": 1.3
		},
		"minecraft:health": {
			"value": 1000000,
			"max": 1000000
		  },
		"minecraft:knockback_resistance": {
		  "protection": 1000000
		},
		"minecraft:collision_box": {
		  "width": 0,
		  "height": 0
		},
		"minecraft:loot": {
			"table": "loot_tables/entities/gunbai_chao.json"
		},
		"minecraft:nameable": {},
		"minecraft:physics": {},
		"minecraft:pushable": {
		  "is_pushable": false,
		  "is_pushable_by_piston": false
		},
		"minecraft:timer": {
		  "looping": true,
		  "time": 0,
		  "time_down_event": {
			"event": "on:efeitos"
		  }
		}
	  },
	  "events": {
		"on:efeitos": {
		  "queue_command": {
			"command": [
				"scoreboard players add @s dialogo 1",
				"playanimation @s[scores={dialogo=4}] animation.arma_caindo porkyn 1",
				"replaceitem entity @s slot.weapon.mainhand 1 5d:gunbai_boss",
				"execute at @s[scores={dialogo=360..}] run execute at @a[r=3] run give @s 5d:gunbai",
				"execute at @s[scores={dialogo=360..}] run kill @e[type=5d:gunbai_chao,c=1]"

			]
		  }
		}
	  }
	}
  }