{
	"format_version": "1.18.0",
	"minecraft:entity": {
		"description": {
			"identifier": "5d:introducao_kakashi",
			"is_spawnable": false,
			"is_summonable": true,
			"is_experimental": false
		},

		"component_groups": {},

		"components": {
			"minecraft:type_family": {
				"family": [
					"kakashi"
				]
			},
			"minecraft:scale":{
				"value": 1.3
			},
			"minecraft:timer":
			{
				"looping": true,
				"time": 1,
				"time_down_event": {
					"event": "on:efeitos"
				}
			},
			
			"minecraft:knockback_resistance": {
				"protection": 1
			  },
			"minecraft:behavior.hurt_by_target": {
				"priority": 1
			},
			"minecraft:attack": {
				"damage": 0
			},
			"minecraft:behavior.melee_attack": {
				"priority": 1,
				"speed_multiplier": 0,
				"track_target": false
			},
			"minecraft:breathable": {
				"total_supply": 15,
				"suffocate_time": 0
			},
			"minecraft:navigation.walk": {
				"can_path_over_water": true,
				"avoid_water": true,
				"avoid_damage_blocks": true
			},
			"minecraft:movement.basic": {},
			"minecraft:jump.static": {},
			"minecraft:can_climb": {},
			"minecraft:collision_box": {
				"width": 0.6,
				"height": 1.9
			},
			"minecraft:nameable": {},
			"minecraft:health": {
				"value": 100000,
				"max": 100000
			},
			"minecraft:hurt_on_condition": {
				"damage_conditions": [
					{
						"filters": {
							"test": "in_lava",
							"subject": "self",
							"operator": "==",
							"value": true
						},
						"cause": "lava",
						"damage_per_tick": 4
					}
				]
			},

			"minecraft:behavior.nearest_attackable_target": {
				"priority": 2,
				"must_see": true,
				"reselect_targets": true,
				"within_radius": 25.0,
				"must_see_forget_duration": 17.0,
				"entity_types": 
				  {
					"filters": {
					  "any_of": [
						{ "test": "is_family", "subject": "other", "value": "nada" }
					  ]
					},
					"max_dist": 0
				  }
				  
			},
			"minecraft:movement": {
				"value": 0
			},
			"minecraft:behavior.float": {
				"priority": 0
			},
			
			"minecraft:behavior.random_stroll": {
				"priority": 6,
				"speed_multiplier": 0
			},
			"minecraft:behavior.look_at_player": {
				"priority": 7,
				"look_distance": 6,
				"probability": 0.02
			},
			"minecraft:behavior.random_look_around": {
				"priority": 9
			},
			"minecraft:balloonable": {},
			"minecraft:physics": {},
			"minecraft:pushable": {
				"is_pushable": true,
				"is_pushable_by_piston": true
			},
			"minecraft:loot": {
				"table": "loot_tables/entities/naruto_kid.json"
			},
			"minecraft:test_angry": {
				"minecraft:angry": {
					"duration": 25,
					"broadcast_anger": true,
					"broadcast_range": 20,
					"calm_event": {
						"event": "minecraft:on_calm",
						"target": "self"
					}
				}
			},
			"minecraft:test_calm": {
				"minecraft:on_target_acquired": {
					"event": "minecraft:become_angry",
					"target": "self"
				}
			},
			"minecraft:on_death": {
				"event": "on:death",
				"target": "self"
			}
		},
		"events": {
			"minecraft:become_angry": {
				"remove": {
					"component_groups": [
						"minecraft:test_calm"
					]
				},
				"add": {
					"component_groups": [
						"minecraft:test_angry"
					]
				}
			},
			"on:death": {
				"queue_command": {
				  "command": [
					  "scoreboard players add @a[r=5] tp 1"
				  ]
				}
			  },
			  "on:efeitos": {
				"queue_command": {
				  "command": [
					"scoreboard players set @s[scores={dialogo=..89},tag=elemento] dialogo 90",
					"scoreboard players add @s[tag=elemento] dialogo 1",
					"scoreboard players set @s[scores={dialogo=..39},tag=cla] dialogo 40",
					"scoreboard players add @s[tag=cla] dialogo 1",
					"scoreboard players set @s[scores={dialogo=..27},tag=vila] dialogo 28",
					"scoreboard players add @s[tag=vila] dialogo 1",
					"scoreboard players add @s[tag=dialogo] dialogo 1",
					"replaceitem entity @s slot.armor.head 1 5d:m_pele2_preto 1 0 {\"minecraft:item_lock\": {\"mode\": \"lock_in_inventory\"}}",
					"replaceitem entity @s slot.armor.chest 1 5d:armadura_kakashi1 1 0 {\"minecraft:item_lock\": {\"mode\": \"lock_in_inventory\"}}",
					"replaceitem entity @s slot.armor.feet 1 5d:hair_kakashi1_branco 1 0 {\"minecraft:item_lock\": {\"mode\": \"lock_in_inventory\"}}",
					"execute at @s[scores={dialogo=1}] run playsound introducao1 @a[r=64]",
					"execute at @s[scores={dialogo=1..,dialogo=..3}] run title @a[tag=portuguese,r=32] actionbar Ei, shinobi! parado ai.",
					"execute at @s[scores={dialogo=1..,dialogo=..3}] run title @a[tag=english,r=32] actionbar Hey, shinobi! Stop right there.",
					"execute at @s[scores={dialogo=4..,dialogo=..6}] run title @a[tag=portuguese,r=32] actionbar Hum... você não parece ser um inimigo.",
					"execute at @s[scores={dialogo=4..,dialogo=..6}] run title @a[tag=english,r=32] actionbar Hmm... you don't look like an enemy.",
					"execute at @s[scores={dialogo=7..,dialogo=..10}] run title @a[tag=portuguese,r=32] actionbar Você parece perdido, é um novato?",
					"execute at @s[scores={dialogo=7..,dialogo=..10}] run title @a[tag=english,r=32] actionbar You seem lost, are you a newbie?",
					"execute at @s[scores={dialogo=11..,dialogo=..15}] run title @a[tag=portuguese,r=32] actionbar Você não possui nem uma kunai... e se diz shinobi?",
					"execute at @s[scores={dialogo=11..,dialogo=..15}] run title @a[tag=english,r=32] actionbar You don't even have a kunai... and you call yourself a shinobi?",
					"execute at @s[scores={dialogo=16..,dialogo=..19}] run title @a[tag=portuguese,r=32] actionbar Me sinto na obrigação de lhe ajudar.",
					"execute at @s[scores={dialogo=16..,dialogo=..19}] run title @a[tag=english,r=32] actionbar I feel obligated to help you.",
					"execute at @s[scores={dialogo=21..,dialogo=..23}] run title @a[tag=portuguese,r=32] actionbar Sua bandana está um pouco suja,",
					"execute at @s[scores={dialogo=21..,dialogo=..23}] run title @a[tag=english,r=32] actionbar Your headband is a little dirty,",
					"execute at @s[scores={dialogo=24..,dialogo=..27}] run title @a[tag=portuguese,r=32] actionbar não consigo ver qual aldeia você pertence.",
					"execute at @s[scores={dialogo=24..,dialogo=..27}] run title @a[tag=english,r=32] actionbar I can't see which village you belong to.",
					"execute at @s[scores={dialogo=27},tag=dialogo] run give @a[r=32,tag=dialogo] 5d:livro_vila1",
					"execute at @s[scores={dialogo=27}] run tag @s remove dialogo",
					"execute at @s[scores={dialogo=29}] run playsound introducao2 @a[r=32]",
					"execute at @s[scores={dialogo=29..}] run execute at @s[scores={dialogo=..34}] run title @a[tag=portuguese,r=32] actionbar Bem, você está bem longe de casa.",
					"execute at @s[scores={dialogo=29..}] run execute at @s[scores={dialogo=..34}] run title @a[tag=english,r=32] actionbar Well, you're quite far from home.",
					"execute at @s[scores={dialogo=35}] run playsound introducao3 @a[r=32]",
					"execute at @s[scores={dialogo=35..,dialogo=..38}] run title @a[tag=portuguese,r=32] actionbar Bem, a qual clã você pertence?",
					"execute at @s[scores={dialogo=35..,dialogo=..38}] run title @a[tag=english,r=32] actionbar Well, which clan do you belong to?",
					"execute at @s[scores={dialogo=38},tag=vila] run give @a[r=32,tag=dialogo] 5d:livro_cla1",
					"tag @s[scores={dialogo=39}] remove vila",

					"execute at @s[scores={dialogo=41}] run playsound introducao_uchiha @a[r=64]",
					"execute at @s[scores={dialogo=41..},tag=forasteiro] run execute at @s[scores={dialogo=..45}] run title @a[tag=portuguese,r=32] actionbar Um forasteiro... como imaginei.",
					"execute at @s[scores={dialogo=41..},tag=forasteiro] run execute at @s[scores={dialogo=..45}] run title @a[tag=english,r=32] actionbar An outsider... as I imagined.",
					"execute at @s[scores={dialogo=46..},tag=forasteiro] run execute at @s[scores={dialogo=..50}] run title @a[tag=portuguese,r=32] actionbar Você tem um longo caminho a percorrer.",
					"execute at @s[scores={dialogo=46..},tag=forasteiro] run execute at @s[scores={dialogo=..50}] run title @a[tag=english,r=32] actionbar You have a long way to go.",
					"execute at @s[scores={dialogo=41..},tag=uchiha] run execute at @s[scores={dialogo=..45}] run title @a[tag=portuguese,r=32] actionbar Clã Uchiha? Mas, isso é impossível",
					"execute at @s[scores={dialogo=41..},tag=uchiha] run execute at @s[scores={dialogo=..45}] run title @a[tag=english,r=32] actionbar Uchiha clan? But, that's impossible.",
					"execute at @s[scores={dialogo=46..},tag=uchiha] run execute at @s[scores={dialogo=..50}] run title @a[tag=portuguese,r=32] actionbar você deve ser um dos ultimos da sua linhagem.",
					"execute at @s[scores={dialogo=46..},tag=uchiha] run execute at @s[scores={dialogo=..50}] run title @a[tag=english,r=32] actionbar You must be one of the last of your lineage.",


					"execute at @s[scores={dialogo=41..},tag=hyuuga] run execute at @s[scores={dialogo=..45}] run title @a[tag=portuguese,r=32] actionbar Clã Hyuuga? Você tem um grande potencial",
					"execute at @s[scores={dialogo=41..},tag=hyuuga] run execute at @s[scores={dialogo=..45}] run title @a[tag=english,r=32] actionbar Hyuga Clan? You have great potential.",
					"execute at @s[scores={dialogo=46..},tag=hyuuga] run execute at @s[scores={dialogo=..50}] run title @a[tag=portuguese,r=32] actionbar Você tem um longo caminho a percorrer.",
					"execute at @s[scores={dialogo=46..},tag=hyuuga] run execute at @s[scores={dialogo=..50}] run title @a[tag=english,r=32] actionbar You have a long way to go.",


					"execute at @s[scores={dialogo=52}] run playsound introducao_elementos @a[r=64]",
					"execute at @s[scores={dialogo=52..,dialogo=..55}] run title @a[tag=portuguese,r=32] actionbar Você sabe algum jutsu elemental?",
					"execute at @s[scores={dialogo=52..,dialogo=..55}] run title @a[tag=english,r=32] actionbar Do you know any elemental jutsu?",
					"execute at @s[scores={dialogo=56..,dialogo=..61}] run title @a[tag=portuguese,r=32] actionbar Pela sua cara, você nem sabe qual é o seu elemento de chakra.",
					"execute at @s[scores={dialogo=56..,dialogo=..61}] run title @a[tag=english,r=32] actionbar By the look on your face, you don't even know what your chakra element is.",
					"execute at @s[scores={dialogo=62..,dialogo=..65}] run title @a[tag=portuguese,r=32] actionbar Bem, vamos descobrir. Pegue este papel.",
					"execute at @s[scores={dialogo=62..,dialogo=..65}] run title @a[tag=english,r=32] actionbar Well, let's find out. Take this paper.",
					"execute at @s[scores={dialogo=65}] run replaceitem entity @s slot.weapon.mainhand 1 5d:papel_elemento 1 0 {\"minecraft:item_lock\": {\"mode\": \"lock_in_inventory\"}}",
					"execute at @s[scores={dialogo=65}] run playanimation @s animation.entregar.item kakashi 1000",
					"execute at @s[scores={dialogo=66}] run replaceitem entity @s slot.weapon.mainhand 1 air",
					"execute at @s[scores={dialogo=67}] run give @a[r=32,tag=dialogo] 5d:papel_elemento",
					"execute at @s[scores={dialogo=66..,dialogo=..69}] run title @a[tag=portuguese,r=32] actionbar Concentre seu chakra nele, caso seu elemento seja:",
					"execute at @s[scores={dialogo=66..,dialogo=..69}] run title @a[tag=english,r=32] actionbar Focus your chakra on it, if your element is:",
					"execute at @s[scores={dialogo=70..,dialogo=..73}] run title @a[tag=portuguese,r=32] actionbar Água: o papel ficará molhado",
					"execute at @s[scores={dialogo=70..,dialogo=..73}] run title @a[tag=english,r=32] actionbar Water: the paper will get wet",
					"execute at @s[scores={dialogo=74..,dialogo=..77}] run title @a[tag=portuguese,r=32] actionbar Fogo: o papel queimará e virará cinzas",
					"execute at @s[scores={dialogo=74..,dialogo=..77}] run title @a[tag=english,r=32] actionbar Fire: the paper will burn to ashes",
					"execute at @s[scores={dialogo=78..,dialogo=..81}] run title @a[tag=portuguese,r=32] actionbar Raio: o papel ficará amassado",
					"execute at @s[scores={dialogo=78..,dialogo=..81}] run title @a[tag=english,r=32] actionbar Lightning: the paper will be crumpled",
					"execute at @s[scores={dialogo=82..,dialogo=..85}] run title @a[tag=portuguese,r=32] actionbar Terra: o papel virará barro e começará a se esfarelar",
					"execute at @s[scores={dialogo=82..,dialogo=..85}] run title @a[tag=english,r=32] actionbar Earth: the paper will turn to clay and begin to crumble",
					"execute at @s[scores={dialogo=86..,dialogo=..89}] run title @a[tag=portuguese,r=32] actionbar Vento: o papel se dividirá em dois",
					"execute at @s[scores={dialogo=86..,dialogo=..89}] run title @a[tag=english,r=32] actionbar Wind: The paper will split in two",
					"execute at @s[scores={dialogo=94}] run playsound introducao_elementos @a[r=64]",
					"execute at @s[scores={dialogo=95}] run playsound introducao_elementos @a[r=64]",
					"execute at @s[scores={dialogo=89}] run tag @s remove cla",
					"execute at @s[scores={dialogo=91..,dialogo=..97}] run title @a[tag=portuguese,r=32] actionbar Bem, agora que descobriu seu elemento,",
					"execute at @s[scores={dialogo=91..,dialogo=..97}] run title @a[tag=english,r=32] actionbar Well, now that you have discovered your element,",
					"execute at @s[scores={dialogo=98..,dialogo=..104}] run title @a[tag=portuguese,r=32] actionbar está na hora de começar a treinar seus jutsus.",
					"execute at @s[scores={dialogo=98..,dialogo=..104}] run title @a[tag=english,r=32] actionbar it's time to start training your jutsus.",
					"execute at @s[scores={dialogo=105..,dialogo=..112}] run title @a[tag=portuguese,r=32] actionbar Você está sem ferramentas ninjas,",
					"execute at @s[scores={dialogo=105..,dialogo=..112}] run title @a[tag=english,r=32] actionbar You are without ninja tools,",
					"execute at @s[scores={dialogo=113..,dialogo=..118}] run title @a[tag=portuguese,r=32] actionbar então fique com está kunai.",
					"execute at @s[scores={dialogo=113..,dialogo=..118}] run title @a[tag=english,r=32] actionbar so keep this kunai.",
					"execute at @s[scores={dialogo=110}] run replaceitem entity @s slot.weapon.mainhand 1 5d:kunai 1 0 {\"minecraft:item_lock\": {\"mode\": \"lock_in_inventory\"}}",
					"execute at @s[scores={dialogo=112}] run playanimation @s animation.entregar.item kakashi 1000",
					"execute at @s[scores={dialogo=120}] run replaceitem entity @s slot.weapon.mainhand 1 air",
					"execute at @s[scores={dialogo=120}] run give @a[r=32] 5d:kunai",
					"execute at @s[scores={dialogo=120..,dialogo=..127}] run title @a[tag=portuguese,r=32] actionbar Estamos em era de guerra, não será facíl lá fora.",
					"execute at @s[scores={dialogo=120..,dialogo=..127}] run title @a[tag=english,r=32] actionbar We are in an era of war, it will not be easy out there.",
					"execute at @s[scores={dialogo=128..,dialogo=..135}] run title @a[tag=portuguese,r=32] actionbar Então prepare-se para enfrentar muitos shinobis pelo caminho.",
					"execute at @s[scores={dialogo=128..,dialogo=..135}] run title @a[tag=english,r=32] actionbar So prepare to face many shinobi along the way.",
					"execute at @s[scores={dialogo=125}] run playsound introducao2 @a[r=64]",
					"execute at @s[scores={dialogo=136}] run playanimation @s animation.livro_kakashi porkyn 100000",
					"execute at @s[scores={dialogo=136}] run replaceitem entity @s slot.weapon.mainhand 1 5d:livro_kakashi 1 0 {\"minecraft:item_lock\": {\"mode\": \"lock_in_inventory\"}}",
					"execute at @s[scores={dialogo=137..,dialogo=..142}] run title @a[tag=portuguese,r=32] actionbar Bem, tenho algo para fazer",
					"execute at @s[scores={dialogo=137..,dialogo=..142}] run title @a[tag=english,r=32] actionbar Well, I have something to do",
					"execute at @s[scores={dialogo=143..,dialogo=..147}] run title @a[tag=portuguese,r=32] actionbar Até mais, novato.",
					"execute at @s[scores={dialogo=143..,dialogo=..147}] run title @a[tag=english,r=32] actionbar See you later, newbie.",
					"execute at @s[scores={dialogo=144}] run clear @a[r=32,tag=dialogo] 5d:frasco_vida",
					"execute at @s[scores={dialogo=144}] run give @a[r=32,tag=dialogo] 5d:frasco_vida 3",
					"execute at @s[scores={dialogo=144}] run clear @a[r=32,tag=dialogo] 5d:frasco_chakra",
					"execute at @s[scores={dialogo=144}] run give @a[r=32,tag=dialogo] 5d:frasco_chakra 3",
					"execute at @s[scores={dialogo=144}] run give @a[r=32,tag=dialogo] 5d:livro_status1",
					"execute at @s[scores={dialogo=144}] run give @a[r=32,tag=dialogo] 5d:menu",
					"execute at @s[scores={dialogo=144}] run give @a[r=32,tag=uchiha,tag=dialogo] 5d:sharingan_1 1",
					"execute at @s[scores={dialogo=144}] run give @a[r=32,tag=uchiha,tag=dialogo] 5d:katon_goukakyuu 1",
					"execute at @s[scores={dialogo=144}] run give @a[r=32,tag=hyuuga,tag=dialogo] 5d:byakugan 1",
					"execute at @s[scores={dialogo=148..}] run summon 5d:tronco ~~~",
					"execute at @s[scores={dialogo=148..}] run gamerule doMobSpawning true",
					"execute at @s[scores={dialogo=148..}] run particle minecraft:egg_destroy_emitter ~~~",
					"execute at @s[scores={dialogo=148..}] run particle minecraft:egg_destroy_emitter ~~1~",
					"execute at @s[scores={dialogo=149..}] run particle minecraft:egg_destroy_emitter ~~1~",
					"execute at @s[scores={dialogo=147..}] run stopsound @a[r=32]",
					"execute at @s[scores={dialogo=147..}] run tag @a[r=32] remove intangivel",
					"execute at @s[scores={dialogo=147..}] run tag @a[r=32] remove paralisado",
					"execute at @s[scores={dialogo=147..}] run tag @a[r=32] remove dialogo",
					"execute at @s[scores={dialogo=147}] run playsound subs @a[r=32]",
					"execute at @s[scores={dialogo=149..}] run tp @s ~~-100~",
					"execute at @s[scores={dialogo=150..}] run kill @s"
					  
				  ]
				}
			  }
		}
	}
}

