
{
	"format_version": "1.16.0",
	"minecraft:entity": {
	  "description": {
		"identifier": "5d:clone",
		"is_spawnable": false,
		"is_summonable": true,
		"is_experimental": false
	  },
	  "component_groups": {
		"minecraft:charged_creeper": {
		  "minecraft:is_charged": {}
		},
		"minecraft:exploding": {
		  "minecraft:target_nearby_sensor": {
			"inside_range": 2.5,
			"outside_range": 6.0,
			"must_see": true,
			"on_inside_range": {
			  "event": "minecraft:start_exploding",
			  "target": "self"
			},
			"on_outside_range": {
			  "event": "minecraft:stop_exploding",
			  "target": "self"
			},
			"on_vision_lost_inside_range": {
			  "event": "minecraft:stop_exploding",
			  "target": "self"
			}
		  },
		  "minecraft:behavior.swell": {
			"start_distance": 2.5,
			"stop_distance": 6.0,
			"priority": 2
		  }
		},
		"minecraft:charged_exploding": {
		  "minecraft:target_nearby_sensor": {
			"inside_range": 2.5,
			"outside_range": 6.0,
			"must_see": true,
			"on_inside_range": {
			  "event": "minecraft:start_exploding",
			  "target": "self"
			},
			"on_outside_range": {
			  "event": "minecraft:stop_exploding",
			  "target": "self"
			},
			"on_vision_lost_inside_range": {
			  "event": "minecraft:stop_exploding",
			  "target": "self"
			}
		  },
		  "minecraft:behavior.swell": {
			"start_distance": 2.5,
			"stop_distance": 6.0,
			"priority": 2
		  }
		},
		"minecraft:forced_exploding": {
		  "minecraft:target_nearby_sensor": {
			"inside_range": 2.5,
			"outside_range": 6.0,
			"must_see": true,
			"on_inside_range": {
			  "event": "minecraft:start_exploding_forced",
			  "target": "self"
			},
			"on_outside_range": {
			  "event": "minecraft:stop_exploding",
			  "target": "self"
			},
			"on_vision_lost_inside_range": {
			  "event": "minecraft:stop_exploding",
			  "target": "self"
			}
		  },
		  "minecraft:behavior.swell": {
			"start_distance": 2.5,
			"stop_distance": 6.0,
			"priority": 2
		  }
		},
		"minecraft:forced_charged_exploding": {
		  "minecraft:target_nearby_sensor": {
			"inside_range": 2.5,
			"outside_range": 6.0,
			"must_see": true,
			"on_inside_range": {
			  "event": "minecraft:start_exploding_forced",
			  "target": "self"
			},
			"on_outside_range": {
			  "event": "minecraft:stop_exploding",
			  "target": "self"
			},
			"on_vision_lost_inside_range": {
			  "event": "minecraft:stop_exploding",
			  "target": "self"
			}
		  },
		  "minecraft:behavior.swell": {
			"start_distance": 2.5,
			"stop_distance": 6.0,
			"priority": 2
		  }
		}
	  },
	  "components": {
		"minecraft:timer": {
		  "looping": true,
		  "time": 1,
		  "time_down_event": {
			"event": "on:efeitos"
		  }
		},
		"minecraft:is_hidden_when_invisible": {},
		"minecraft:experience_reward": {
		  "on_death": "query.last_hit_by_player ? 5 : 0"
		},
		"minecraft:type_family": {
		  "family": [
			"monster",
			"mob",
			"player"
		  ]
		},
		"minecraft:breathable": {
		  "total_supply": 15,
		  "suffocate_time": 0
		},
		"minecraft:nameable": {},
		"minecraft:collision_box": {
		  "width": 1.2,
		  "height": 3.2
		},
		"minecraft:movement": {
		  "value": 0.2
		},
		"minecraft:navigation.walk": {
		  "can_path_over_water": true
		},
		"minecraft:movement.basic": {},
		"minecraft:jump.static": {},
		"minecraft:can_climb": {},
		"minecraft:loot": {
		  "table": "loot_tables/entities/shinobi_folha.json"
		},
		"minecraft:health": {
		  "value": 150,
		  "max": 150
		},
		"minecraft:hurt_on_condition": {
		  "damage_conditions": [
			{
			  "filters": {
				"test": "in_lava",
				"subject": "self",
				"operator": "==",
				"value": true
			  },
			  "cause": "lava",
			  "damage_per_tick": 4
			}
		  ]
		},
		"minecraft:attack": {
		  "damage": 0
		},
		"minecraft:damage_sensor": {
		  "triggers": {
			"on_damage": {
			  "filters": {
				"test": "is_family",
				"subject": "other",
				"value": "lightning"
			  },
			  "event": "minecraft:become_charged"
			},
			"deals_damage": false
		  }
		},
		"minecraft:interact": {
		  "interactions": {
			"on_interact": {
			  "filters": {
				"all_of": [
				  {
					"test": "is_family",
					"subject": "other",
					"value": "player"
				  },
				  {
					"test": "has_equipment",
					"domain": "hand",
					"subject": "other",
					"value": "flint_and_steel"
				  },
				  {
					"test": "has_component",
					"operator": "!=",
					"value": "minecraft:explode"
				  }
				]
			  },
			  "event": "minecraft:start_exploding_forced",
			  "target": "self"
			},
			"hurt_item": 1,
			"swing": true,
			"play_sounds": "ignite",
			"interact_text": "action.interact.creeper"
		  }
		},
		"minecraft:despawn": {
		  "despawn_from_distance": {}
		},
		"minecraft:behavior.float": {
		  "priority": 0
		},
		"minecraft:behavior.melee_attack": {
		  "priority": 4,
		  "speed_multiplier": 1.25,
		  "track_target": false,
		  "reach_multiplier": 0.0
		},
		"minecraft:behavior.random_stroll": {
		  "priority": 5,
		  "speed_multiplier": 1
		},
		"minecraft:behavior.look_at_player": {
		  "priority": 6,
		  "look_distance": 8
		},
		"minecraft:behavior.random_look_around": {
		  "priority": 6
		},
		"minecraft:behavior.nearest_attackable_target": {
		  "priority": 1,
		  "must_see": true,
		  "must_see_forget_duration": 3.0,
		  "entity_types": [
			{
				"filters": {
					"all_of": [
					  {
						"test": "has_tag",
						"subject": "other",
						"operator": "!=",
						"value": "executando_kage_bunshin_no_jutsu"
					  },
					  {
						"test": "is_family",
						"subject": "other",
						"operator": "!=",
						"value": "objeto"
					  }
					]
				  },
				  "max_dist": 16
			}
		  ]
		},
		"minecraft:scale": {
		  "value": 1
		},
		"minecraft:behavior.hurt_by_target": {
		  "priority": 2
		},
		"minecraft:physics": {},
		"minecraft:pushable": {
		  "is_pushable": true,
		  "is_pushable_by_piston": true
		},
		"minecraft:on_target_escape": {
		  "event": "minecraft:stop_exploding",
		  "target": "self"
		},
		"minecraft:conditional_bandwidth_optimization": {},
		"minecraft:on_death": {
		  "event": "on:death",
		  "target": "self"
		}
	  },
	  "events": {
		"on:efeitos": {
		  "queue_command": {
			"command": [

			"scoreboard players add @s sharingan_time 1",
			"execute at @s[scores={sharingan_time=2000}] run particle minecraft:egg_destroy_emitter ~1~1~",
			"execute at @s[scores={sharingan_time=2000}] run particle minecraft:egg_destroy_emitter ~1~~",
			"execute at @s[scores={sharingan_time=2000}] run playsound subs @a[r=15]",
			"execute at @s[scores={sharingan_time=2000}] run tag @a[tag=executando_kage_bunshin_no_jutsu,c=1] remove executando_kage_bunshin_no_jutsu",
			"execute at @s[scores={sharingan_time=2000}] run tp @s ~~100~",
			"execute at @s[scores={sharingan_time=2050}] run kill @s",
			
			  "execute at @e[tag=!executando_kage_bunshin_no_jutsu,r=10] run scoreboard players add @e[c=1,type=5d:clone] dialogo 1",
			  "scoreboard players random @s[scores={dialogo=4..}] random 1 4",
			  "execute at @s[scores={dialogo=1..,random=1}] run summon 5d:attack1_clone ~~~",
			  "execute at @s[scores={dialogo=1..,random=2}] run summon 5d:attack1_clone ~~~",
			  "execute at @s[scores={dialogo=1..,random=3}] run summon 5d:attack1_clone ~~~",
			  "execute at @s[scores={dialogo=1..,random=4}] run summon 5d:attack1_clone ~~~",
			  "scoreboard players set @s[scores={dialogo=4..}] random 0",
			  "scoreboard players set @s[scores={dialogo=4..}] dialogo 0"
			]
		  }
		},
		"on:death": {
		  "queue_command": {
			"command": [
				"tag @a[tag=executando_kage_bunshin_no_jutsu,c=1] remove executando_kage_bunshin_no_jutsu",
				"particle minecraft:egg_destroy_emitter ~1~1~",
				"particle minecraft:egg_destroy_emitter ~1~~"
			]
		  }
		}
	  }
	}
  }