{
	"format_version": "1.18.0",
	"minecraft:entity": {
	  "description": {
		"identifier": "5d:kurama",
		"is_spawnable": false,
		"is_summonable": true,
		"is_experimental": false
	  },
	  "component_groups": {},
	  "components": {
		"minecraft:type_family": {
		  "family": ["kurama"]
		},
		"minecraft:scale": {
		  "value": 10.3
		},
		"minecraft:health": {
			"value": 1000000,
			"max": 1000000
		  },
		"minecraft:knockback_resistance": {
		  "protection": 1000000
		},
		"minecraft:collision_box": {
		  "width": 0.5,
		  "height": 0.5
		},
		"minecraft:loot": {
			"table": ""
		},
		"minecraft:nameable": {},
		"minecraft:physics": {},
		"minecraft:pushable": {
		  "is_pushable": false,
		  "is_pushable_by_piston": false
		},
		"minecraft:timer": {
		  "looping": true,
		  "time": 0,
		  "time_down_event": {
			"event": "on:efeitos"
		  }
		}
	  },
	  "events": {
		"on:efeitos": {
		  "queue_command": {
			"command": [

			]
		  }
		}
	  }
	}
  }