{
	"format_version": "1.18.0",
	"minecraft:entity": {
	  "description": {
		"identifier": "5d:rasenshuriken_entidade",
		"is_spawnable": false,
		"is_summonable": true,
		"is_experimental": false
	  },
	  "component_groups": {},
	  "components": {
		"minecraft:type_family": {
		  "family": ["objeto"]
		},
		"minecraft:scale": {
		  "value": 1
		},
		"minecraft:health": {
			"value": 1000000,
			"max": 1000000
		  },
		"minecraft:knockback_resistance": {
		  "protection": 1000000
		},
		"minecraft:collision_box": {
		  "width": 0,
		  "height": 0
		},
		"minecraft:loot": {
			"table": "loot_tables/entities/rasenshuriken.json"
		},
		"minecraft:nameable": {},
		"minecraft:physics": {},
		"minecraft:pushable": {
		  "is_pushable": false,
		  "is_pushable_by_piston": false
		},
		"minecraft:timer": {
		  "looping": true,
		  "time": 0,
		  "time_down_event": {
			"event": "on:efeitos"
		  }
		}
	  },
	  "events": {
		"on:efeitos": {
		  "queue_command": {
			"command": [
				"scoreboard players add @s dialogo 1",
				"replaceitem entity @s[scores={dialogo=..2}] slot.weapon.mainhand 1 5d:rasenshuriken",
				"playanimation @s[scores={dialogo=..3}] animation.rasenshuriken porkyn 0.01",
				"tp @s[scores={dialogo=200..}] ~~-100~",
				"kill @s[scores={dialogo=210..}]"

			]
		  }
		}
	  }
	}
  }