
{
	"format_version": "1.10.0",
	"animation_controllers": {
	"controller.animation.sabio_sapos": {
	"states": {
	  "default": {
		"transitions": [ { "sabio_sapos":"query.is_sneaking" } ],
		"on_exit": [ 

		"/tag @s add agachado",
		"/tag @s remove nao_agachado"

		  
		]
	  },
	  "sabio_sapos": {
		"transitions": [ {"default":"!query.is_sneaking"} ],
		"on_exit": [ 
			"/tag @s remove agachado",
			"/tag @s add nao_agachado"
 
	  ]   
            }
        }
      },
	  "controller.animation.taijutsu_rocklee": {
		"states": {
		  "default": {
			"transitions": [ { "taijutsu_rocklee":"query.get_equipped_item_name == 'taijutsu_rocklee' && query.is_sneaking && query.modified_move_speed < 0.025" } ],
			"on_exit": [ 
	
			"/playanimation @s animation.taijutsu_rocklee_parado taijutsu 10"
	
			  
			]
		  },
		  "taijutsu_rocklee": {
			"transitions": [ {"default":"!query.is_sneaking"} ],
			"on_exit": [ 

	 
		  ]   
				}
			}
		  },
	  "controller.animation.view_item": {
		"states": {
		  "default": {
			"transitions": [ { "view_item":"query.modified_move_speed > 0.1" } ],
			"on_exit": [ 
			  
			]
		  },
		  "view_item": {
			"transitions": [ {"default":"query.modified_move_speed > 0.1"} ],
			"on_exit": [ 
			
		  ]     
		  }
		}
	  }
	}
}


