{
	"format_version": "1.10.0",
	"animation_controllers": {
      "controller.animation.livro_pele1": {
        "states": {
          "default": {
            "transitions": [ { "livro_pele1":"query.get_equipped_item_name == 'livro_pele1' && query.is_sneaking" } ],
            "on_exit": [ 
              "/event entity @s 5D:pele1",
              "/tag @s add pele1",
              "/tag @s remove pele2",
              "/tag @s remove pele3",
              "/tag @s remove pele4",
              "/tag @s remove pele5",
              "/tag @s remove pele6",
              "/tag @s remove pele7",
              "/tag @s remove pele8",
              "/tag @s remove pele9"
            ]
          },
          "livro_pele1": {
            "transitions": [ {"default":"query.get_equipped_item_name == 'livro_pele1' && !query.is_sneaking"} ],
            "on_exit": [ "/replaceitem entity @s slot.weapon.mainhand 1 5d:livro_olho1 1 0 {\"minecraft:item_lock\": {\"mode\": \"lock_in_inventory\"}}" ]     
          }
        }
      },
      "controller.animation.livro_pele2": {
        "states": {
          "default": {
            "transitions": [ { "livro_pele2":"query.get_equipped_item_name == 'livro_pele2' && query.is_sneaking" } ],
            "on_exit": [ 
              "/event entity @s 5d:pele2",
              "/tag @s add pele2",
              "/tag @s remove pele1",
              "/tag @s remove pele3",
              "/tag @s remove pele4",
              "/tag @s remove pele5",
              "/tag @s remove pele6",
              "/tag @s remove pele7",
              "/tag @s remove pele8",
              "/tag @s remove pele9"
            ]
          },
          "livro_pele2": {
            "transitions": [ {"default":"query.get_equipped_item_name == 'livro_pele2' && !query.is_sneaking"} ],
            "on_exit": [ "/replaceitem entity @s slot.weapon.mainhand 1 5d:livro_olho1 1 0 {\"minecraft:item_lock\": {\"mode\": \"lock_in_inventory\"}}" ]     
          }
        }
      },
      
      "controller.animation.livro_pele3": {
        "states": {
          "default": {
            "transitions": [ { "livro_pele3":"query.get_equipped_item_name == 'livro_pele3' && query.is_sneaking" } ],
            "on_exit": [ 
              "/event entity @s 5d:pele3",
              "/tag @s add pele3",
              "/tag @s remove pele4",
              "/tag @s remove pele1",
              "/tag @s remove pele4",
              "/tag @s remove pele5",
              "/tag @s remove pele6",
              "/tag @s remove pele7",
              "/tag @s remove pele8",
              "/tag @s remove pele9"

            ]
          },
          "livro_pele3": {
            "transitions": [ {"default":"query.get_equipped_item_name == 'livro_pele3' && !query.is_sneaking"} ],
            "on_exit": ["/replaceitem entity @s slot.weapon.mainhand 1 5d:livro_olho1 1 0 {\"minecraft:item_lock\": {\"mode\": \"lock_in_inventory\"}}" ]     
          }
        }
      },
      "controller.animation.livro_pele4": {
        "states": {
          "default": {
            "transitions": [ { "livro_pele4":"query.get_equipped_item_name == 'livro_pele4' && query.is_sneaking" } ],
            "on_exit": [ 
              "/event entity @s 5d:pele4",
              "/tag @s add pele4",
              "/tag @s remove pele2",
              "/tag @s remove pele3",
              "/tag @s remove pele1",
              "/tag @s remove pele5",
              "/tag @s remove pele6",
              "/tag @s remove pele7",
              "/tag @s remove pele8",
              "/tag @s remove pele9"
              
            ]
          },
          "livro_pele4": {
            "transitions": [ {"default":"query.get_equipped_item_name == 'livro_pele4' && !query.is_sneaking"} ],
            "on_exit": [ "/replaceitem entity @s slot.weapon.mainhand 1 5d:livro_olho1 1 0 {\"minecraft:item_lock\": {\"mode\": \"lock_in_inventory\"}}" ]     
          }
        }
      },
      "controller.animation.livro_pele5": {
        "states": {
          "default": {
            "transitions": [ { "livro_pele5":"query.get_equipped_item_name == 'livro_pele5' && query.is_sneaking" } ],
            "on_exit": [ 
              "/event entity @s 5d:pele5",
              "/tag @s add pele5",
              "/tag @s remove pele2",
              "/tag @s remove pele3",
              "/tag @s remove pele4",
              "/tag @s remove pele1",
              "/tag @s remove pele6",
              "/tag @s remove pele7",
              "/tag @s remove pele8",
              "/tag @s remove pele9"
              
            ]
          },
          "livro_pele5": {
            "transitions": [ {"default":"query.get_equipped_item_name == 'livro_pele5' && !query.is_sneaking"} ],
            "on_exit": [ "/replaceitem entity @s slot.weapon.mainhand 1 5d:livro_olho1 1 0 {\"minecraft:item_lock\": {\"mode\": \"lock_in_inventory\"}}" ]     
          }
        }
      },
      "controller.animation.livro_pele6": {
        "states": {
          "default": {
            "transitions": [ { "livro_pele6":"query.get_equipped_item_name == 'livro_pele6' && query.is_sneaking" } ],
            "on_exit": [ 
              "/event entity @s 5d:pele6",
              "/tag @s add pele6",
              "/tag @s remove pele2",
              "/tag @s remove pele3",
              "/tag @s remove pele4",
              "/tag @s remove pele5",
              "/tag @s remove pele1",
              "/tag @s remove pele7",
              "/tag @s remove pele8",
              "/tag @s remove pele9"
            ]
          },
          "livro_pele6": {
            "transitions": [ {"default":"query.get_equipped_item_name == 'livro_pele6' && !query.is_sneaking"} ],
            "on_exit": [ "/replaceitem entity @s slot.weapon.mainhand 1 5d:livro_olho1 1 0 {\"minecraft:item_lock\": {\"mode\": \"lock_in_inventory\"}}" ]     
          }
        }
      },
      "controller.animation.livro_pele7": {
        "states": {
          "default": {
            "transitions": [ { "livro_pele7":"query.get_equipped_item_name == 'livro_pele7' && query.is_sneaking" } ],
            "on_exit": [ 
              "/event entity @s 5d:pele7",
              "/tag @s add pele7",
              "/tag @s remove pele2",
              "/tag @s remove pele3",
              "/tag @s remove pele4",
              "/tag @s remove pele5",
              "/tag @s remove pele6",
              "/tag @s remove pele1",
              "/tag @s remove pele8",
              "/tag @s remove pele9"
            ]
          },
          "livro_pele7": {
            "transitions": [ {"default":"query.get_equipped_item_name == 'livro_pele7' && !query.is_sneaking"} ],
            "on_exit": [ "/replaceitem entity @s slot.weapon.mainhand 1 5d:livro_olho1 1 0 {\"minecraft:item_lock\": {\"mode\": \"lock_in_inventory\"}}" ]     
          }
        }
      },
      "controller.animation.livro_pele8": {
        "states": {
          "default": {
            "transitions": [ { "livro_pele8":"query.get_equipped_item_name == 'livro_pele8' && query.is_sneaking" } ],
            "on_exit": [ 
              "/event entity @s 5d:pele1",
              "/tag @s add pele1",
              "/tag @s remove pele2",
              "/tag @s remove pele3",
              "/tag @s remove pele4",
              "/tag @s remove pele5",
              "/tag @s remove pele6",
              "/tag @s remove pele7",
              "/tag @s remove pele8",
              "/tag @s remove pele9"
            ]
          },
          "livro_pele8": {
            "transitions": [ {"default":"query.get_equipped_item_name == 'livro_pele2' && !query.is_sneaking"} ],
            "on_exit": [ "/replaceitem entity @s slot.weapon.mainhand 1 5d:livro_olho1 1 0 {\"minecraft:item_lock\": {\"mode\": \"lock_in_inventory\"}}" ]     
          }
        }
      },
    "controller.animation.livro_olho1": {
      "states": {
        "default": {
          "transitions": [ { "livro_olho1":"query.get_equipped_item_name == 'livro_olho1' && query.is_sneaking" } ],
          "on_exit": [ 
            "/event entity @s 5d:olho1",
            "tag @s remove olho_amarelo",
            "/tag @s add olho_amarelo"
          ]
        },
        "livro_olho1": {
          "transitions": [ {"default":"query.get_equipped_item_name == 'livro_olho1' && !query.is_sneaking"} ],
          "on_exit": [
          "/event entity @s 5d:cabelo_naruto_shippuden0",
          "/replaceitem entity @s slot.weapon.mainhand 1 5d:livro_cabelo1 1 0 {\"minecraft:item_lock\": {\"mode\": \"lock_in_inventory\"}}" ]     
        }
      }
    },
    "controller.animation.livro_olho2": {
      "states": {
        "default": {
          "transitions": [ { "livro_olho2":"query.get_equipped_item_name == 'livro_olho2' && query.is_sneaking" } ],
          "on_exit": [ 
            "/event entity @s 5d:olho2",
            "tag @s remove olho_amarelo",
            "/tag @s add olho_azul"

          ]
        },
        "livro_olho2": {
          "transitions": [ {"default":"query.get_equipped_item_name == 'livro_olho2' && !query.is_sneaking"} ],
          "on_exit": [
          "/event entity @s 5d:cabelo_naruto_shippuden0",
          "/replaceitem entity @s slot.weapon.mainhand 1 5d:livro_cabelo1 1 0 {\"minecraft:item_lock\": {\"mode\": \"lock_in_inventory\"}}" ]    
        }
      }
    },
    
    "controller.animation.livro_olho3": {
      "states": {
        "default": {
          "transitions": [ { "livro_olho3":"query.get_equipped_item_name == 'livro_olho3' && query.is_sneaking" } ],
          "on_exit": [ 
            "/event entity @s 5d:olho3",
            "tag @s remove olho_amarelo",
            "/tag @s add olho_branco"
          ]
        },
        "livro_olho3": {
          "transitions": [ {"default":"query.get_equipped_item_name == 'livro_olho3' && !query.is_sneaking"} ],
          "on_exit": [           
          "/event entity @s 5d:cabelo_naruto_shippuden0",
          "/replaceitem entity @s slot.weapon.mainhand 1 5d:livro_cabelo1 1 0 {\"minecraft:item_lock\": {\"mode\": \"lock_in_inventory\"}}" ]
        }
      }
    },
    "controller.animation.livro_olho4": {
      "states": {
        "default": {
          "transitions": [ { "livro_olho4":"query.get_equipped_item_name == 'livro_olho4' && query.is_sneaking" } ],
          "on_exit": [ 
            "/event entity @s 5d:olho4",
            "tag @s remove olho_amarelo",
            "/tag @s add olho_marrom"
          ]
        },
        "livro_olho4": {
          "transitions": [ {"default":"query.get_equipped_item_name == 'livro_olho4' && !query.is_sneaking"} ],
          "on_exit": [           
          "/event entity @s 5d:cabelo_naruto_shippuden0",
          "/replaceitem entity @s slot.weapon.mainhand 1 5d:livro_cabelo1 1 0 {\"minecraft:item_lock\": {\"mode\": \"lock_in_inventory\"}}" ]    
        }
      }
    },
    "controller.animation.livro_olho5": {
      "states": {
        "default": {
          "transitions": [ { "livro_olho5":"query.get_equipped_item_name == 'livro_olho5' && query.is_sneaking" } ],
          "on_exit": [ 
            "/event entity @s 5d:olho5",
            "tag @s remove olho_amarelo",
            "/tag @s add olho_preto"
          ]
        },
        "livro_olho5": {
          "transitions": [ {"default":"query.get_equipped_item_name == 'livro_olho5' && !query.is_sneaking"} ],
          "on_exit": [           
          "/event entity @s 5d:cabelo_naruto_shippuden0",
          "/replaceitem entity @s slot.weapon.mainhand 1 5d:livro_cabelo1 1 0 {\"minecraft:item_lock\": {\"mode\": \"lock_in_inventory\"}}"  ]     
        }
      }
    },
    "controller.animation.livro_olho6": {
      "states": {
        "default": {
          "transitions": [ { "livro_olho6":"query.get_equipped_item_name == 'livro_olho6' && query.is_sneaking" } ],
          "on_exit": [ 
            "/event entity @s 5d:olho6",
            "tag @s remove olho_amarelo",
            "/tag @s add olho_rosa"
          ]
        },
        "livro_olho6": {
          "transitions": [ {"default":"query.get_equipped_item_name == 'livro_olho6' && !query.is_sneaking"} ],
          "on_exit": [           
          "/event entity @s 5d:cabelo_naruto_shippuden0",
          "/replaceitem entity @s slot.weapon.mainhand 1 5d:livro_cabelo1 1 0 {\"minecraft:item_lock\": {\"mode\": \"lock_in_inventory\"}}"  ]     
        }
      }
    },
    "controller.animation.livro_olho7": {
      "states": {
        "default": {
          "transitions": [ { "livro_olho7":"query.get_equipped_item_name == 'livro_olho7' && query.is_sneaking" } ],
          "on_exit": [ 
            "/event entity @s 5d:olho7",
            "tag @s remove olho_amarelo",
            "/tag @s add olho_verde"
          ]
        },
        "livro_olho7": {
          "transitions": [ {"default":"query.get_equipped_item_name == 'livro_olho7' && !query.is_sneaking"} ],
          "on_exit": [           
          "/event entity @s 5d:cabelo_naruto_shippuden0",
          "/replaceitem entity @s slot.weapon.mainhand 1 5d:livro_cabelo1 1 0 {\"minecraft:item_lock\": {\"mode\": \"lock_in_inventory\"}}"  ]     
        }
      }
    },
    "controller.animation.livro_olho8": {
      "states": {
        "default": {
          "transitions": [ { "livro_olho8":"query.get_equipped_item_name == 'livro_olho8' && query.is_sneaking" } ],
          "on_exit": [ 
            "/event entity @s 5d:olho8",
            "tag @s remove olho_amarelo",
            "/tag @s add olho_vermelho"
          ]
        },
        "livro_olho8": {
          "transitions": [ {"default":"query.get_equipped_item_name == 'livro_olho8' && !query.is_sneaking"} ],
          "on_exit": [           
          "/event entity @s 5d:cabelo_naruto_shippuden0",
          "/replaceitem entity @s slot.weapon.mainhand 1 5d:livro_cabelo1 1 0 {\"minecraft:item_lock\": {\"mode\": \"lock_in_inventory\"}}"  ]     
        }
      }
    },
    "controller.animation.livro_cabelo1": {
      "states": {
        "default": {
          "transitions": [ { "livro_cabelo1":"query.get_equipped_item_name == 'livro_cabelo1' && query.is_sneaking" } ],
          "on_exit": [ 
            "/tag @s remove cabelo_naruto_shippuden",
            "/tag @s add cabelo_naruto_shippuden"
          ]
        },
        "livro_cabelo1": {
          "transitions": [ {"default":"query.get_equipped_item_name == 'livro_cabelo1' && !query.is_sneaking"} ],
          "on_exit": [           
          "/event entity @s 5d:cabelo_naruto_shippuden0",
          "/replaceitem entity @s slot.weapon.mainhand 1 5d:livro_cor1 1 0 {\"minecraft:item_lock\": {\"mode\": \"lock_in_inventory\"}}"  ]     
        }
      }
    },
    "controller.animation.livro_cabelo2": {
      "states": {
        "default": {
          "transitions": [ { "livro_cabelo2":"query.get_equipped_item_name == 'livro_cabelo2' && query.is_sneaking" } ],
          "on_exit": [ 
            "/tag @s remove cabelo_naruto_shippuden",
            "/tag @s add cabelo_sasuke_shippuden"
          ]
        },
        "livro_cabelo2": {
          "transitions": [ {"default":"query.get_equipped_item_name == 'livro_cabelo2' && !query.is_sneaking"} ],
          "on_exit": [           
          "/event entity @s 5d:cabelo_sasuke_shippuden6",
          "/replaceitem entity @s slot.weapon.mainhand 1 5d:livro_cor5 1 0 {\"minecraft:item_lock\": {\"mode\": \"lock_in_inventory\"}}"  ]     
        }
      }
    },
    "controller.animation.livro_cabelo3": {
      "states": {
        "default": {
          "transitions": [ { "livro_cabelo3":"query.get_equipped_item_name == 'livro_cabelo3' && query.is_sneaking" } ],
          "on_exit": [ 
            "/tag @s remove cabelo_naruto_shippuden",
            "/tag @s add cabelo_kakashi"
          ]
        },
        "livro_cabelo3": {
          "transitions": [ {"default":"query.get_equipped_item_name == 'livro_cabelo3' && !query.is_sneaking"} ],
          "on_exit": [           
          "/event entity @s 5d:cabelo_kakashi3",
          "/replaceitem entity @s slot.weapon.mainhand 1 5d:livro_cor3 1 0 {\"minecraft:item_lock\": {\"mode\": \"lock_in_inventory\"}}"  ]     
        }
      }
    },
    "controller.animation.livro_cabelo4": {
      "states": {
        "default": {
          "transitions": [ { "livro_cabelo4":"query.get_equipped_item_name == 'livro_cabelo4' && query.is_sneaking" } ],
          "on_exit": [ 
            "/tag @s remove cabelo_naruto_shippuden",
            "/tag @s add cabelo_madara"
          ]
        },
        "livro_cabelo4": {
          "transitions": [ {"default":"query.get_equipped_item_name == 'livro_cabelo4' && !query.is_sneaking"} ],
          "on_exit": [           
          "/event entity @s 5d:cabelo_madara6",
          "/replaceitem entity @s slot.weapon.mainhand 1 5d:livro_cor5 1 0 {\"minecraft:item_lock\": {\"mode\": \"lock_in_inventory\"}}"  ]     
        }
      }
    },
    "controller.animation.livro_cor1": {
      "states": {
        "default": {
          "transitions": [ { "livro_cor1":"query.get_equipped_item_name == 'livro_cor1' && query.is_sneaking" } ],
          "on_exit": [ 
            "/tag @s remove cabelo_amarelo",
            "/tag @s add cabelo_amarelo"
          ]
        },
        "livro_cor1": {
          "transitions": [ {"default":"query.get_equipped_item_name == 'livro_cor1' && !query.is_sneaking"} ],
          "on_exit": [           
          "/event entity @s[tag=cabelo_naruto_shippuden] 5d:cabelo_naruto_shippuden1",
          "/event entity @s[tag=cabelo_sasuke_shippuden] 5d:cabelo_sasuke_shippuden1",
          "/event entity @s[tag=cabelo_kakashi] 5d:cabelo_kakashi1",
          "/event entity @s[tag=cabelo_madara] 5d:cabelo_madara1",
          "/replaceitem entity @s slot.weapon.mainhand 1 air 1 0 {\"minecraft:item_lock\": {\"mode\": \"lock_in_inventory\"}}",
          "/tag @s add introducao"  ]     
        }
      }
    },
    "controller.animation.livro_cor2": {
      "states": {
        "default": {
          "transitions": [ { "livro_cor2":"query.get_equipped_item_name == 'livro_cor2' && query.is_sneaking" } ],
          "on_exit": [ 
            "/tag @s remove cabelo_amarelo",
            "/tag @s add cabelo_azul"
          ]
        },
        "livro_cor2": {
          "transitions": [ {"default":"query.get_equipped_item_name == 'livro_cor2' && !query.is_sneaking"} ],
          "on_exit": [           
            "/event entity @s[tag=cabelo_naruto_shippuden] 5d:cabelo_naruto_shippuden2",
            "/event entity @s[tag=cabelo_sasuke_shippuden] 5d:cabelo_sasuke_shippuden2",
            "/event entity @s[tag=cabelo_kakashi] 5d:cabelo_kakashi2",
            "/event entity @s[tag=cabelo_madara] 5d:cabelo_madara2",
          "/replaceitem entity @s slot.weapon.mainhand 1 air 1 0 {\"minecraft:item_lock\": {\"mode\": \"lock_in_inventory\"}}",
          "/tag @s add introducao"  ]     
        }
      }
    },
    "controller.animation.livro_cor3": {
      "states": {
        "default": {
          "transitions": [ { "livro_cor3":"query.get_equipped_item_name == 'livro_cor3' && query.is_sneaking" } ],
          "on_exit": [ 
            "/tag @s remove cabelo_amarelo",
            "/tag @s add cabelo_branco"
          ]
        },
        "livro_cor3": {
          "transitions": [ {"default":"query.get_equipped_item_name == 'livro_cor3' && !query.is_sneaking"} ],
          "on_exit": [           
            "/event entity @s[tag=cabelo_naruto_shippuden] 5d:cabelo_naruto_shippuden3",
            "/event entity @s[tag=cabelo_sasuke_shippuden] 5d:cabelo_sasuke_shippuden3",
            "/event entity @s[tag=cabelo_kakashi] 5d:cabelo_kakashi3",
            "/event entity @s[tag=cabelo_madara] 5d:cabelo_madara3",
          "/replaceitem entity @s slot.weapon.mainhand 1 air 1 0 {\"minecraft:item_lock\": {\"mode\": \"lock_in_inventory\"}}",
          "/tag @s add introducao"  ]     
        }
      }
    },
    "controller.animation.livro_cor4": {
      "states": {
        "default": {
          "transitions": [ { "livro_cor4":"query.get_equipped_item_name == 'livro_cor4' && query.is_sneaking" } ],
          "on_exit": [ 
            "/tag @s remove cabelo_amarelo",
            "/tag @s add cabelo_laranja"
          ]
        },
        "livro_cor4": {
          "transitions": [ {"default":"query.get_equipped_item_name == 'livro_cor4' && !query.is_sneaking"} ],
          "on_exit": [           
            "/event entity @s[tag=cabelo_naruto_shippuden] 5d:cabelo_naruto_shippuden4",
            "/event entity @s[tag=cabelo_sasuke_shippuden] 5d:cabelo_sasuke_shippuden4",
            "/event entity @s[tag=cabelo_kakashi] 5d:cabelo_kakashi4",
            "/event entity @s[tag=cabelo_madara] 5d:cabelo_madara4",
          "/replaceitem entity @s slot.weapon.mainhand 1 air 1 0 {\"minecraft:item_lock\": {\"mode\": \"lock_in_inventory\"}}",
          "/tag @s add introducao"  ]     
        }
      }
    },
    "controller.animation.livro_cor5": {
      "states": {
        "default": {
          "transitions": [ { "livro_cor5":"query.get_equipped_item_name == 'livro_cor5' && query.is_sneaking" } ],
          "on_exit": [ 
            "/tag @s remove cabelo_amarelo",
            "/tag @s add cabelo_marrom"
          ]
        },
        "livro_cor5": {
          "transitions": [ {"default":"query.get_equipped_item_name == 'livro_cor5' && !query.is_sneaking"} ],
          "on_exit": [           
            "/event entity @s[tag=cabelo_naruto_shippuden] 5d:cabelo_naruto_shippuden5",
            "/event entity @s[tag=cabelo_sasuke_shippuden] 5d:cabelo_sasuke_shippuden5",
            "/event entity @s[tag=cabelo_kakashi] 5d:cabelo_kakashi5",
            "/event entity @s[tag=cabelo_madara] 5d:cabelo_madara5",
          "/replaceitem entity @s slot.weapon.mainhand 1 air 1 0 {\"minecraft:item_lock\": {\"mode\": \"lock_in_inventory\"}}",
          "/tag @s add introducao"  ]     
        }
      }
    },
    "controller.animation.livro_cor6": {
      "states": {
        "default": {
          "transitions": [ { "livro_cor6":"query.get_equipped_item_name == 'livro_cor6' && query.is_sneaking" } ],
          "on_exit": [ 
            "/tag @s remove cabelo_amarelo",
            "/tag @s add cabelo_preto"
          ]
        },
        "livro_cor6": {
          "transitions": [ {"default":"query.get_equipped_item_name == 'livro_cor6' && !query.is_sneaking"} ],
          "on_exit": [           
            "/event entity @s[tag=cabelo_naruto_shippuden] 5d:cabelo_naruto_shippuden6",
            "/event entity @s[tag=cabelo_sasuke_shippuden] 5d:cabelo_sasuke_shippuden6",
            "/event entity @s[tag=cabelo_kakashi] 5d:cabelo_kakashi6",
            "/event entity @s[tag=cabelo_madara] 5d:cabelo_madara6",
          "/replaceitem entity @s slot.weapon.mainhand 1 air 1 0 {\"minecraft:item_lock\": {\"mode\": \"lock_in_inventory\"}}",
          "/tag @s add introducao"  ]     
        }
      }
    },
    "controller.animation.livro_cor7": {
      "states": {
        "default": {
          "transitions": [ { "livro_cor7":"query.get_equipped_item_name == 'livro_cor7' && query.is_sneaking" } ],
          "on_exit": [ 
            "/tag @s remove cabelo_amarelo",
            "/tag @s add cabelo_rosa"
          ]
        },
        "livro_cor7": {
          "transitions": [ {"default":"query.get_equipped_item_name == 'livro_cor7' && !query.is_sneaking"} ],
          "on_exit": [           
            "/event entity @s[tag=cabelo_naruto_shippuden] 5d:cabelo_naruto_shippuden7",
            "/event entity @s[tag=cabelo_sasuke_shippuden] 5d:cabelo_sasuke_shippuden7",
            "/event entity @s[tag=cabelo_kakashi] 5d:cabelo_kakashi7",
            "/event entity @s[tag=cabelo_madara] 5d:cabelo_madara7",
          "/replaceitem entity @s slot.weapon.mainhand 1 air 1 0 {\"minecraft:item_lock\": {\"mode\": \"lock_in_inventory\"}}",
          "/tag @s add introducao"  ]     
        }
      }
    },
    "controller.animation.livro_cor8": {
      "states": {
        "default": {
          "transitions": [ { "livro_cor8":"query.get_equipped_item_name == 'livro_cor8' && query.is_sneaking" } ],
          "on_exit": [ 
            "/tag @s remove cabelo_amarelo",
            "/tag @s add cabelo_verde"
          ]
        },
        "livro_cor8": {
          "transitions": [ {"default":"query.get_equipped_item_name == 'livro_cor8' && !query.is_sneaking"} ],
          "on_exit": [           
            "/event entity @s[tag=cabelo_naruto_shippuden] 5d:cabelo_naruto_shippuden8",
            "/event entity @s[tag=cabelo_sasuke_shippuden] 5d:cabelo_sasuke_shippuden8",
            "/event entity @s[tag=cabelo_kakashi] 5d:cabelo_kakashi8",
            "/event entity @s[tag=cabelo_madara] 5d:cabelo_madara8",
          "/replaceitem entity @s slot.weapon.mainhand 1 air 1 0 {\"minecraft:item_lock\": {\"mode\": \"lock_in_inventory\"}}",
          "/tag @s add introducao"  ]     
        }
      }
    },
    "controller.animation.livro_cor9": {
      "states": {
        "default": {
          "transitions": [ { "livro_cor9":"query.get_equipped_item_name == 'livro_cor9' && query.is_sneaking" } ],
          "on_exit": [ 
            "/tag @s remove cabelo_amarelo",
            "/tag @s add cabelo_vermelho"
          ]
        },
        "livro_cor9": {
          "transitions": [ {"default":"query.get_equipped_item_name == 'livro_cor9' && !query.is_sneaking"} ],
          "on_exit": [           
            "/event entity @s[tag=cabelo_naruto_shippuden] 5d:cabelo_naruto_shippuden9",
            "/event entity @s[tag=cabelo_sasuke_shippuden] 5d:cabelo_sasuke_shippuden9",
            "/event entity @s[tag=cabelo_kakashi] 5d:cabelo_kakashi9",
            "/event entity @s[tag=cabelo_madara] 5d:cabelo_madara9",
          "/replaceitem entity @s slot.weapon.mainhand 1 air 1 0 {\"minecraft:item_lock\": {\"mode\": \"lock_in_inventory\"}}",
          "/tag @s add introducao"  ]     
        }
      }
    },
    "controller.animation.livro_vila1": {
      "states": {
        "default": {
          "transitions": [ { "livro_vila1":"query.get_equipped_item_name == 'livro_vila1' && query.is_sneaking" } ],
          "on_exit": [ 
            
          ]
        },
        "livro_vila1": {
          "transitions": [ {"default":"query.get_equipped_item_name == 'livro_vila1' && !query.is_sneaking"} ],
          "on_exit": [           
          "/replaceitem entity @s slot.armor.chest 1 5d:armadura_folha1",
          "/replaceitem entity @s slot.weapon.mainhand 1 air 1 0 {\"minecraft:item_lock\": {\"mode\": \"lock_in_inventory\"}}" ,
          "/tag @e[r=10,type=5d:introducao_kakashi] add folha",
          "/tag @e[r=10,type=5d:introducao_kakashi] add vila",
          "/tag @s add folha"
        ]     
        }
      }
    },
    "controller.animation.livro_vila2": {
      "states": {
        "default": {
          "transitions": [ { "livro_vila2":"query.get_equipped_item_name == 'livro_vila2' && query.is_sneaking" } ],
          "on_exit": [ 
            
          ]
        },
        "livro_vila2": {
          "transitions": [ {"default":"query.get_equipped_item_name == 'livro_vila2' && !query.is_sneaking"} ],
          "on_exit": [           
          "/replaceitem entity @s slot.armor.chest 1 5d:armadura_pedra1",
          "/replaceitem entity @s slot.weapon.mainhand 1 air 1 0 {\"minecraft:item_lock\": {\"mode\": \"lock_in_inventory\"}}" ,
          "/tag @e[r=10,type=5d:introducao_kakashi] add pedra",
          "/tag @e[r=10,type=5d:introducao_kakashi] add vila",
          "/tag @s add pedra"
        ]     
        }
      }
    },
    "controller.animation.livro_cla1": {
      "states": {
        "default": {
          "transitions": [ { "livro_cla1":"query.get_equipped_item_name == 'livro_cla1' && query.is_sneaking" } ],
          "on_exit": [ 

          
            
          ]
        },
        "livro_cla1": {
          "transitions": [ {"default":"query.get_equipped_item_name == 'livro_cla1' && !query.is_sneaking"} ],
          "on_exit": [           
          "/replaceitem entity @s slot.weapon.mainhand 1 air 1 0 {\"minecraft:item_lock\": {\"mode\": \"lock_in_inventory\"}}" ,
          "/tag @e[c=1,type=5d:introducao_kakashi] add uchiha",
          "/tag @e[c=1,type=5d:introducao_kakashi] add cla",
          "/scoreboard players set @s level 8",
          "/scoreboard players set @s level_up 9",
          "/scoreboard players set @s status_ninjutsu 16",
          "/scoreboard players set @s status_taijutsu 13",
          "/scoreboard players set @s status_genjutsu 14",
          "/scoreboard players set @s status_stamina 10",
          "/scoreboard players set @s status_strength 10",
          "/scoreboard players set @s status_agility 12",
          "/scoreboard players set @s status_vitality 10",
          "/scoreboard players set @s status_chakra 12",
          "/scoreboard players set @s status_destreza 14",
          "/scoreboard players set @s chakra 120",
          "/scoreboard players set @s stamina 100",
          "/tag @s add uchiha"
        ]     
        }
      }
    },
    "controller.animation.livro_cla2": {
      "states": {
        "default": {
          "transitions": [ { "livro_cla2":"query.get_equipped_item_name == 'livro_cla2' && query.is_sneaking" } ],
          "on_exit": [ 
            
          ]
        },
        "livro_cla2": {
          "transitions": [ {"default":"query.get_equipped_item_name == 'livro_cla2' && !query.is_sneaking"} ],
          "on_exit": [           
          "/replaceitem entity @s slot.weapon.mainhand 1 air 1 0 {\"minecraft:item_lock\": {\"mode\": \"lock_in_inventory\"}}" ,
          "/tag @e[c=1,type=5d:introducao_kakashi] add forasteiro",
          "/tag @e[c=1,type=5d:introducao_kakashi] add cla",
          "/scoreboard players set @s level 1",
          "/scoreboard players set @s level_up 2",
          "/scoreboard players set @s status_ninjutsu 10",
          "/scoreboard players set @s status_taijutsu 10",
          "/scoreboard players set @s status_genjutsu 10",
          "/scoreboard players set @s status_stamina 10",
          "/scoreboard players set @s status_strength 10",
          "/scoreboard players set @s status_agility 10",
          "/scoreboard players set @s status_vitality 10",
          "/scoreboard players set @s status_chakra 10",
          "/scoreboard players set @s status_destreza 10",
          "/scoreboard players set @s chakra 100",
          "/scoreboard players set @s stamina 100",
          "/tag @s add forasteiro"
        ]     
        }
      }
    },
    "controller.animation.livro_cla3": {
      "states": {
        "default": {
          "transitions": [ { "livro_cla3":"query.get_equipped_item_name == 'livro_cla3' && query.is_sneaking" } ],
          "on_exit": [ 
            
          ]
        },
        "livro_cla3": {
          "transitions": [ {"default":"query.get_equipped_item_name == 'livro_cla3' && !query.is_sneaking"} ],
          "on_exit": [           
          "/replaceitem entity @s slot.weapon.mainhand 1 air 1 0 {\"minecraft:item_lock\": {\"mode\": \"lock_in_inventory\"}}" ,
          "/tag @e[c=1,type=5d:introducao_kakashi] add hyuuga",
          "/tag @e[c=1,type=5d:introducao_kakashi] add cla",
          "/scoreboard players set @s level 8",
          "/scoreboard players set @s level_up 9",
          "/scoreboard players set @s status_ninjutsu 11",
          "/scoreboard players set @s status_taijutsu 16",
          "/scoreboard players set @s status_genjutsu 10",
          "/scoreboard players set @s status_stamina 12",
          "/scoreboard players set @s status_strength 10",
          "/scoreboard players set @s status_agility 15",
          "/scoreboard players set @s status_vitality 12",
          "/scoreboard players set @s status_chakra 14",
          "/scoreboard players set @s status_destreza 15",
          "/scoreboard players set @s chakra 140",
          "/scoreboard players set @s stamina 120",
          "/tag @s add hyuuga"
        ]     
        }
      }
    },
    "controller.animation.livro_cla4": {
      "states": {
        "default": {
          "transitions": [ { "livro_cla4":"query.get_equipped_item_name == 'livro_cla4' && query.is_sneaking" } ],
          "on_exit": [ 
            
          ]
        },
        "livro_cla4": {
          "transitions": [ {"default":"query.get_equipped_item_name == 'livro_cla4' && !query.is_sneaking"} ],
          "on_exit": [           
          "/replaceitem entity @s slot.weapon.mainhand 1 air 1 0 {\"minecraft:item_lock\": {\"mode\": \"lock_in_inventory\"}}" ,
          "/tag @e[c=1,type=5d:introducao_kakashi] add hyuuga",
          "/tag @e[c=1,type=5d:introducao_kakashi] add cla",
          "/scoreboard players set @s level 8",
          "/scoreboard players set @s level_up 9",
          "/scoreboard players set @s status_ninjutsu 11",
          "/scoreboard players set @s status_taijutsu 14",
          "/scoreboard players set @s status_genjutsu 10",
          "/scoreboard players set @s status_stamina 13",
          "/scoreboard players set @s status_strength 15",
          "/scoreboard players set @s status_agility 12",
          "/scoreboard players set @s status_vitality 13",
          "/scoreboard players set @s status_chakra 12",
          "/scoreboard players set @s status_destreza 11",
          "/scoreboard players set @s chakra 140",
          "/scoreboard players set @s stamina 120",
          "/tag @s add hyuuga"
        ]     
        }
      }
    },
    "controller.animation.livro_status": {
      "states": {
        "default": {
          "transitions": [ { "livro_status":"query.get_equipped_item_name != 'livro_status1' && query.get_equipped_item_name != 'livro_status2' && query.get_equipped_item_name != 'livro_status3' && query.get_equipped_item_name != 'livro_status4' && query.get_equipped_item_name != 'livro_status5' && query.get_equipped_item_name != 'livro_status6' && query.get_equipped_item_name != 'livro_status7' && query.get_equipped_item_name != 'livro_status8' && query.get_equipped_item_name != 'livro_status9'" } ],
          "on_exit": [ 

          
            
          ]
        },
        "livro_status": {
          "transitions": [ {"default":"query.get_equipped_item_name != 'livro_status1' && query.get_equipped_item_name != 'livro_status2' && query.get_equipped_item_name != 'livro_status3' && query.get_equipped_item_name != 'livro_status4' && query.get_equipped_item_name != 'livro_status5' && query.get_equipped_item_name != 'livro_status6' && query.get_equipped_item_name != 'livro_status7' && query.get_equipped_item_name != 'livro_status8' && query.get_equipped_item_name != 'livro_status9'"} ],
          "on_exit": [           
          "/tag @s remove usando_menu" 
        ]     
        }
      }
    },
    "controller.animation.livro_status1": {
      "states": {
        "default": {
          "transitions": [ { "livro_status1":"query.get_equipped_item_name == 'livro_status1' && query.is_sneaking" } ],
          "on_exit": [ 
            
          ]
        },
        "livro_status1": {
          "transitions": [ {"default":"query.get_equipped_item_name == 'livro_status1' && !query.is_sneaking"} ],
          "on_exit": [   

          "/title @s[scores={ep=1..,status_chakra=..99}] title +1 Chakra",
          "/title @s[scores={ep=1..,status_chakra=100..}] title Status está no máximo",
          "/playsound note.bass @s[scores={ep=..0}]",
          "/scoreboard players add @p[scores={ep=1..,status_chakra=..99}] status_chakra 1",
          "/execute at @s[scores={ep=1..,status_chakra=..99}] run function status/status_chakra",
          "/execute at @s[scores={ep=1..,status_chakra=..99}] run function status/status_view",
          "/scoreboard players remove @s[scores={ep=1..,status_chakra=..99}] ep 1"
     

        ]     
        }
      }
    },
    "controller.animation.livro_status2": {
      "states": {
        "default": {
          "transitions": [ { "livro_status2":"query.get_equipped_item_name == 'livro_status2' && query.is_sneaking" } ],
          "on_exit": [ 
            
          ]
        },
        "livro_status2": {
          "transitions": [ {"default":"query.get_equipped_item_name == 'livro_status2' && !query.is_sneaking"} ],
          "on_exit": [       
          
          "/title @s[scores={ep=1..,status_ninjutsu=..99}] title +1 Ninjutsu", 
          "/title @s[scores={ep=1..,status_ninjutsu=100..}] title Status está no máximo", 
          "/playsound note.bass @s[scores={ep=..0}]", 
          "/scoreboard players add @p[scores={ep=1..,status_ninjutsu=..99}] status_ninjutsu 1",
          "/execute at @s[scores={ep=1..,status_ninjutsu=..99}] run function status/status_ninjutsu",
          "/execute at @s[scores={ep=1..,status_ninjutsu=..99}] run function status/status_view",
          "/scoreboard players remove @s[scores={ep=1..,status_ninjutsu=..99}] ep 1"

        ]     
        }
      }
    },
    "controller.animation.livro_status3": {
      "states": {
          "default": {
              "transitions": [
                  {
                      "livro_status3": "query.get_equipped_item_name == 'livro_status3' && query.is_sneaking"
                  }
              ],
              "on_exit": []
          },
          "livro_status3": {
              "transitions": [
                  {
                      "default": "query.get_equipped_item_name == 'livro_status3' && !query.is_sneaking"
                  }
              ],
              "on_exit": [

                  "/title @s[scores={ep=1..,status_taijutsu=..99}] title +1 Taijutsu", 
                  "/title @s[scores={ep=1..,status_taijutsu=100..}] title Status está no máximo", 
                  "/playsound note.bass @s[scores={ep=..0}]", 
                  "/scoreboard players add @p[scores={ep=1..,status_taijutsu=..99}] status_taijutsu 1",
                  "/execute at @s[scores={ep=1..,status_taijutsu=..99}] run function status/status_set",
                  "/execute at @s[scores={ep=1..,status_taijutsu=..99}] run function status/status_view",
                  "/scoreboard players remove @s[scores={ep=1..,status_taijutsu=..99}] ep 1"
              ]
          }
      }
  },
  "controller.animation.livro_status4": {
    "states": {
        "default": {
            "transitions": [
                {
                    "livro_status4": "query.get_equipped_item_name == 'livro_status4' && query.is_sneaking"
                }
            ],
            "on_exit": []
        },
        "livro_status4": {
            "transitions": [
                {
                    "default": "query.get_equipped_item_name == 'livro_status4' && !query.is_sneaking"
                }
            ],
            "on_exit": [


              "/title @s[scores={ep=1..,status_genjutsu=..99}] title +1 Genjutsu",
              "/title @s[scores={ep=1..,status_genjutsu=100..}] title Status está no máximo",
              "/playsound note.bass @s[scores={ep=..0}]",
              "/scoreboard players add @p[scores={ep=1..,status_genjutsu=..99}] status_genjutsu 1",
              "/execute at @s[scores={ep=1..,status_genjutsu=..99}] run function status/status_genjutsu",
              "/execute at @s[scores={ep=1..,status_genjutsu=..99}] run function status/status_view",
              "/scoreboard players remove @s[scores={ep=1..,status_genjutsu=..99}] ep 1"

              


            ]
        }
    }
},
"controller.animation.livro_status5": {
  "states": {
      "default": {
          "transitions": [
              {
                  "livro_status5": "query.get_equipped_item_name == 'livro_status5' && query.is_sneaking"
              }
          ],
          "on_exit": []
      },
      "livro_status5": {
          "transitions": [
              {
                  "default": "query.get_equipped_item_name == 'livro_status5' && !query.is_sneaking"
              }
          ],
          "on_exit": [

            "/title @s[scores={ep=1..,status_stamina=100..}] title Status está no máximo",
            "/playsound note.bass @s[scores={ep=..0}]",
            "/scoreboard players add @p[scores={ep=1..,status_stamina=..99}] status_stamina 1",
            "/execute at @s[scores={ep=1..,status_stamina=..99}] run function status/status_stamina",
            "/execute at @s[scores={ep=1..,status_stamina=..99}] run function status/status_view",
            "/scoreboard players remove @s[scores={ep=1..,status_stamina=..99}] ep 1"
 



          ]
      }
  }
},
"controller.animation.livro_status6": {
  "states": {
      "default": {
          "transitions": [
              {
                  "livro_status6": "query.get_equipped_item_name == 'livro_status6' && query.is_sneaking"
              }
          ],
          "on_exit": []
      },
      "livro_status6": {
          "transitions": [
              {
                  "default": "query.get_equipped_item_name == 'livro_status6' && !query.is_sneaking"
              }
          ],
          "on_exit": [

            "/title @s[scores={ep=1..,status_strength=..99}] title +1 Forca",
            "/title @s[scores={ep=1..,status_strength=100..}] title Status está no máximo",
            "/playsound note.bass @s[scores={ep=..0}]",
            "/scoreboard players add @p[scores={ep=1..,status_strength=..99}] status_strength 1",
            "/execute at @s[scores={ep=1..,status_strength=..99}] run function status/status_view",
            "/scoreboard players remove @s[scores={ep=1..,status_strength=..99}] ep 1"



          ]
      }
  }
},
"controller.animation.livro_status7": {
  "states": {
      "default": {
          "transitions": [
              {
                  "livro_status7": "query.get_equipped_item_name == 'livro_status7' && query.is_sneaking"
              }
          ],
          "on_exit": []
      },
      "livro_status7": {
          "transitions": [
              {
                  "default": "query.get_equipped_item_name == 'livro_status7' && !query.is_sneaking"
              }
          ],
          "on_exit": [

            "/title @s[scores={ep=1..,status_destreza..99}] title +1 Destreza",
            "/title @s[scores={ep=1..,status_destreza=100..}] title Status está no máximo",
            "/playsound note.bass @s[scores={ep=..0}]",
            "/scoreboard players add @p[scores={ep=1..,status_destreza=..99}] status_destreza 1",
            "/execute at @s[scores={ep=1..,status_destreza=..99}] run function status/status_destreza",
            "/execute at @s[scores={ep=1..,status_destreza=..99}] run function status/status_view",
            "/scoreboard players remove @s[scores={ep=1..,status_destreza=..99}] ep 1"
          ]
      }
  }
},
"controller.animation.livro_status8": {
  "states": {
      "default": {
          "transitions": [
              {
                  "livro_status8": "query.get_equipped_item_name == 'livro_status8' && query.is_sneaking"
              }
          ],
          "on_exit": []
      },
      "livro_status8": {
          "transitions": [
              {
                  "default": "query.get_equipped_item_name == 'livro_status8' && !query.is_sneaking"
              }
          ],
          "on_exit": [
 
            "/title @s[scores={ep=1..,status_agility=..99}] title +1 Agility",
            "/title @s[scores={ep=1..,status_agility=100..}] title Status está no máximo",
            "/playsound note.bass @s[scores={ep=..0}]",
            "/scoreboard players add @p[scores={ep=1..,status_agility=..99}] status_agility 1",
            "/execute at @s[scores={ep=1..,status_agility=..99}] run function status/status_set",
            "/execute at @s[scores={ep=1..,status_agility=..99}] run function status/status_view",
            "/scoreboard players remove @s[scores={ep=1..,status_agility=..99}] ep 1"

          ]
      }
  }
},
"controller.animation.livro_status9": {
  "states": {
      "default": {
          "transitions": [
              {
                  "livro_status9": "query.get_equipped_item_name == 'livro_status9' && query.is_sneaking"
              }
          ],
          "on_exit": []
      },
      "livro_status9": {
          "transitions": [
              {
                  "default": "query.get_equipped_item_name == 'livro_status9' && !query.is_sneaking"
              }
          ],
          "on_exit": [

            "/title @s[scores={ep=1..,status_vitality=..99}] title +1 Vitalidade",
            "/title @s[scores={ep=1..,status_vitality=100..}] title Status está no máximo",
            "/playsound note.bass @s[scores={ep=..0}]",
            "/scoreboard players add @p[scores={ep=1..,status_vitality=..99}] status_vitality 1",
            "/execute at @s[scores={ep=1..,status_vitality=..99}] run function status/status_set",
            "/execute at @s[scores={ep=1..,status_vitality=..99}] run function status/status_view",
            "/scoreboard players remove @s[scores={ep=1..,status_vitality=..99}] ep 1"  


          ]
      }
  }
},
    "controller.animation.hiraishin_tp": {
      "states": {
        "default": {
          "transitions": [ { "hiraishin_tp":"query.get_equipped_item_name == 'kunai_m' && !query.is_sneaking" } ],
          "on_exit": [ 

            "/execute at @p[scores={chakra=..49},tag=hiraishin] run playsound note.bass ",
            "/execute at @s[scores={chakra=50..},tag=hiraishin] run execute at @s[tag=hiraishin] run playsound hiraishin @a[x=~,y=~,z=~,r=15]",
            "/execute at @s[scores={chakra=50..},tag=hiraishin] run execute at @s[tag=hiraishin] run tp @s @e[type=!5d:rinnegantp_2,type=!5d:rinnegantp_1,type=!5d:corvo,type=!item,c=1]",
            "/execute at @s[scores={chakra=50..},tag=hiraishin] run scoreboard players remove @s chakra 50"
          ]
        },
        "hiraishin_tp": {
          "transitions": [ {"default":"!query.is_sneaking"} ],
          "on_exit": [ "" ]                    
        }
      }
    }
  }
}
