{
	"format_version": "1.10.0",
	"animation_controllers": {
      "controller.animation.death": {
        "states": {
            "default": {
                "transitions": [
                    {
                        "dead": "!query.is_alive"
                    }
                ]
            },
            "dead": {
                "on_entry": [
                  
                  
                  "/execute as @s[tag=boss_host] run kill @a[tag=boss_guest]",
                  "/execute as @s[tag=boss_host] run tag @a[tag=boss_guest] remove boss_guest", 
                  "/tag @s[tag=boss_host] add terminar_bossfight",
                  "/execute as @s[tag=boss_host] run tag @a remove battle_boss_zabuza",
                  "/stopsound @s",
                  "/tag @s remove debuff_40",
                  "/tag @s remove debuff_60",
                  "/tag @s remove bossfight",
                  "/tag @s remove aliado",
                  "/tag @s remove in_bossfight",
                  "/tag @s remove boss_guest",
                  "/tag @s remove paralisado",

                  
                  "/clear @s 5d:frasco_vida",
                  "/give @s 5d:frasco_vida 3",
                  "/clear @s 5d:frasco_chakra",
                  "/give @s 5d:frasco_chakra 3",
                  "/titleraw @s title {\"rawtext\":[{\"text\":\"§4Você morreu\"}]}",


                  "/give @s[tag=battle_boss_madara] 5d:boss_pergaminho_madara",
                  "/give @s[tag=battle_boss_naruto_sennin] 5d:boss_pergaminho_naruto_sennin",
                  "/playsound dead @s",
                  "/fog @a remove porkyn",
                  "/execute at @s[tag=battle_boss_madara] run summon 5d:dead_time ~~~",
                  "/execute at @s[tag=battle_boss_naruto_sennin] run summon 5d:dead_time ~~~",
                  "/execute at @s[tag=battle_boss_samurai] run summon 5d:dead_time ~~~",
                  "/camera @s fade time 1 2 1",
                  "/tag @s remove battle_boss_madara",
                  "/tag @s remove battle_boss_naruto_sennin",
                  "/tag @s remove battle_boss_samurai"

                ],
                "transitions": [
                    {
                        "default": "query.is_alive"
                    }
                ]
            }
        }
      },
      "controller.animation.ataque1_kusanagi": {
        "states": {
          "default": {
            "transitions": [ { "ataque1_kusanagi":"query.get_equipped_item_name == 'kusanagi'" } ],
            "on_exit": [  ]
          },
          "ataque1_kusanagi": {
            "transitions": [ {"default":"query.get_equipped_item_name == 'kusanagi'"} ],
            "on_exit": [ ""  ]                     
          }
        }
      },
    "controller.animation.walk": {
      "states": {
        "default": {
          "transitions": [ { "walk": "(1.0)" } ],
          "on_exit": [          
          ]
        },
        "walk": {
          "transitions": [ { "default": "(1.0)" } ],
          "on_exit": [ 
          "/function walk",
          "/execute at @s[tag=!paralisado,tag=fila_subs,c=1] run function subs",
          "/tag @s[tag=!paralisado,tag=fila_subs,c=1] remove fila_subs",
          "/function view_item",
          "/function set",
          "/function armor_add_tags",
          "/function start_battle"
          

        ]
        }
      }
    },
"controller.animation.dash_pulo": {
  "states": {
    "default": {
      "transitions": [
        {
          "dash_pulo": "query.is_jumping"
        }
      ],
      "on_exit": [

        "/tag @s[tag=dash_pulo,scores={stamina=15..},tag=!intangivel,tag=!paralisado] add dash"
      ]
    },
    "dash_pulo": {
      "transitions": [
        {
          "default": "!query.is_jumping"
        }
      ],
      "on_exit": [""]
    }
  }
},
"controller.animation.dash_shift_pulo": {
  "states": {
    "default": {
      "transitions": [
        {
          "dash_shift_pulo": "query.is_jumping && query.is_sneaking"
        }
      ],
      "on_exit": [

        "/tag @s[tag=dash_shift_pulo,scores={stamina=15..},tag=!intangivel,tag=!paralisado] add dash"
      ]
    },
    "dash_shift_pulo": {
      "transitions": [
        {
          "default": "!query.is_jumping && !query.is_sneaking"
        }
      ],
      "on_exit": [""]
    }
  }
},
"controller.animation.dash_correr_pulo": {
  "states": {
    "default": {
      "transitions": [
        {
          "dash_shift_pulo": "query.is_jumping && query.modified_move_speed > 0.98"
        }
      ],
      "on_exit": [

        "/tag @s[tag=dash_correr_pulo,scores={stamina=15..},tag=!intangivel,tag=!paralisado] add dash"
      ]
    },
    "dash_shift_pulo": {
      "transitions": [
        {
          "default": "!query.is_jumping"
        }
      ],
      "on_exit": [""]
    }
  }
},
    "controller.animation.pulo_duplo": {
      "states": {
        "default": {
          "transitions": [ { "pulo_duplo":"query.is_jumping" } ],
          "on_exit": [ 

          ]
        },
        "pulo_duplo": {
          "transitions": [ {"default":"!query.is_jumping"} ],
          "on_exit": [ "" ]     
        }
      }
    },
    "controller.animation.speed1": {
      "states": {
        "default": {
          "transitions": [ { "speed1":"query.modified_move_speed > 0.1" } ],
          "on_exit": [ 
  
          ]
        },
        "speed1": {
          "transitions": [ {"default":"query.modified_move_speed > 0.1"} ],
          "on_exit": [ "/tag @s add speed1",
                      "tag @s remove speed 0" ]     
        }
      }
    },
    "controller.animation.speed0": {
      "states": {
        "default": {
          "transitions": [ { "speed0":"query.modified_move_speed < 0.05" } ],
          "on_exit": [ 
  
          ]
        },
        "speed0": {
          "transitions": [ {"default":"query.modified_move_speed < 0.05"} ],
          "on_exit": [ "/tag @s remove speed1",
                       "/tag @s add speed0" 
                      
                      ]     
        }
      }
    },
    "controller.animation.hiraishin_tp": {
      "states": {
        "default": {
          "transitions": [ { "hiraishin_tp":"query.get_equipped_item_name == 'armadura_madara' && query.is_jumping && query.is_sneaking" } ],
          "on_exit": [ 

          "/execute at @s ~~~ function subs"

    
          ]
        },
        "hiraishin_tp": {
          "transitions": [ {"default":"!query.is_jumping && query.is_sneaking"} ],
          "on_exit": [ "" ]     
        }
      }
    },
    "controller.animation.amaterasu_i": {
      "states": {
        "default": {
          "transitions": [ { "amaterasu_i":"query.get_equipped_item_name=='s1_itachi' && query.is_using_item" } ],
          "on_exit": [ 


            "/summon pig ~~~"

    
          ]
        },
        "amaterasu_i": {
          "transitions": [ {"default":"query.get_equipped_item_name=='s1_itachi' && query.is_using_item"} ],
          "on_exit": [ "" ]     
        }
      }
    },
    "controller.animation.rinneganmenu": {
      "states": {
        "default": {
          "transitions": [ { "rinneganmenu":"query.get_equipped_item_name == 'rinneganmenu' && query.is_jumping && query.is_sneaking" } ],
          "on_exit": [ 

            "/execute at @s[scores={chakra=50..},tag=rinnegantp] run tag @s add rinneganativo",
            "/execute at @s[scores={chakra=50..},tag=rinnegantp] run playsound teleport_rinnegan @a[r=5]",
            "/execute at @s[scores={chakra=50..},tag=rinnegantp] run summon 5d:rinnegantp_1 ~~~",
            "/execute at @s[scores={chakra=50..},tag=rinnegantp] run execute at @e[type=!5d:rinnegantp_2,type=!5d:rinnegantp_1,type=!5d:corvo,type=!item,c=1,tag=!rinneganativo,r=50] run summon 5d:rinnegantp_2 ~~~",
            "/execute at @s[scores={chakra=50..},tag=rinnegantp] run execute at @e[type=!5d:rinnegantp_2,type=!5d:rinnegantp_1,type=!5d:corvo,type=!item,c=1,tag=!rinneganativo,r=50] run tp @e[type=!5d:rinnegantp_2,type=!5d:rinnegantp_1,type=!5d:corvo,r=50,tag=!rinneganativo,c=1] @e[c=1,type=5d:rinnegantp_1,r=50]",
            "/execute at @s[scores={chakra=50..},tag=rinnegantp] run tp @s @e[type=5d:rinnegantp_2,r=50,c=1]",
            "/execute at @s[scores={chakra=50..},tag=rinnegantp] run tag @s remove rinneganativo",
            "/execute at @p[scores={chakra=..49},tag=rinnegantp] run playsound note.bass ",
            "/execute at @s[scores={chakra=50..},tag=rinnegantp] run scoreboard players remove @s chakra 50"
          ]
        },
    "rinneganmenu": {
      "transitions": [ {"default":"!query.is_jumping && query.is_sneaking"} ],
      "on_exit": [ "" ]     
    }
  }
},
    "controller.animation.itachi_tp": {
      "states": {
        "default": {
          "transitions": [ { "itachi_tp":"query.get_equipped_item_name == 'kunai_m' && query.is_jumping && query.is_sneaking" } ],
          "on_exit": [ 

            "/execute at @s[scores={subs=5..}] run execute at @s[tag=corvo] run tp @e[type=corvo] ~~1000~",
            "/execute at @s[scores={subs=5..}] run execute at @s[tag=corvo] run kill @e[type=corvo]",
            "/execute at @s[scores={subs=5..}] run execute at @s[tag=corvo] run playsound corvos @a[x=~,y=~,z=~,r=15]",
            "/execute at @s[scores={subs=5..}] run execute at @s[tag=corvo] run summon 5d:corvo ~~2~",
            "/execute at @s[scores={subs=5..}] run execute at @s[tag=corvo] run summon 5d:corvo ~~1~",
            "/execute at @s[scores={subs=5..}] run execute at @s[tag=corvo] run summon 5d:corvo ~~2~",
            "/execute at @s[scores={subs=5..}] run execute at @s[tag=corvo] run summon 5d:corvo ~~1~",
            "/execute at @s[scores={subs=5..}] run execute at @s[tag=corvo] run summon 5d:corvo ~~2~",
            "/execute at @s[scores={subs=5..}] run execute at @s[tag=corvo] run summon 5d:corvo ~~1~",
            "/execute at @s[scores={subs=5..}] run execute at @s[tag=corvo] run summon 5d:corvo ~~2~",
            "/execute at @s[scores={subs=5..}] run execute at @s[tag=corvo] run tp @s @e[tag=!corvo,c=1]",
            "/execute at @s[scores={subs=5..}] run execute at @s[tag=corvo] run playsound corvos @a[x=~,y=~,z=~,r=15]",
            "/execute at @s[scores={subs=5..}] run execute at @s[tag=corvo] run summon 5d:corvo ~~2~",
            "/execute at @s[scores={subs=5..}] run execute at @s[tag=corvo] run summon 5d:corvo ~~1~",
            "/execute at @s[scores={subs=5..}] run execute at @s[tag=corvo] run summon 5d:corvo ~~2~",
            "/execute at @s[scores={subs=5..}] run execute at @s[tag=corvo] run summon 5d:corvo ~~1~",
            "/execute at @s[scores={subs=5..}] run execute at @s[tag=corvo] run summon 5d:corvo ~~2~",
            "/execute at @s[scores={subs=5..}] run execute at @s[tag=corvo] run summon 5d:corvo ~~1~",
            "/execute at @s[scores={subs=5..}] run execute at @s[tag=corvo] run summon 5d:corvo ~~2~",
            "/execute at @s[scores={subs=5..}] run scoreboard players remove @s subs 5"

    
          ]
        },
        "itachi_tp": {
          "transitions": [ {"default":"!query.is_jumping && query.is_sneaking"} ],
          "on_exit": [ "" ]     
        }
      }
    },
    "controller.animation.water": {
      "states": {
        "default": {
          "transitions": [ { "water":"query.is_in_contact_with_water" } ],
          "on_exit": [ "" ]
        },
        "water": {
          "transitions": [ {"default":"!query.is_in_contact_with_water"} ],
          "on_exit": [ "" ]     
        }
      }
    },
    "controller.animation.samehada": {
      "states": {
        "default": {
          "transitions": [ { "samehada":"query.get_equipped_item_name == 'samehada' && query.is_sneaking" } ],
          "on_exit": [ "/function samehada" ]
        },
        "samehada": {
          "transitions": [ {"default":"query.get_equipped_item_name == 'samehada' && !query.is_sneaking"} ],
          "on_exit": [ "" ]                                               
        }
      }
    },
    "controller.animation.samehadab": {
      "states": {
        "default": {
          "transitions": [ { "samehadab":"query.get_equipped_item_name == 'samehadab' && query.is_sneaking" } ],
          "on_exit": [ "/function samehadab" ]
        },
        "samehadab": {
          "transitions": [ {"default":"query.get_equipped_item_name == 'samehadab' && !query.is_sneaking"} ],
          "on_exit": [ "" ]                  
        }
      }
    },
    "controller.animation.kusanagi": {
      "states": {
        "default": {
          "transitions": [ { "kusanagi":"query.get_equipped_item_name == 'kusanagi'" } ],
          "on_exit": [ "/event entity @s[hasitem={item=5d:kusanagi}] 5d:kusanagi0" ]
        },
        "kusanagi": {
          "transitions": [ {"default":"query.get_equipped_item_name == 'kusanagi'"} ],
          "on_exit": [ "/event entity @s[hasitem={item=5d:kusanagi}] 5d:kusanagi0"  ]                     
        }
      }
    },
    "controller.animation.kusanagib": {
      "states": {
        "default": {
          "transitions": [ { "kusanagib":"query.get_equipped_item_name != 'kusanagi'" } ],
          "on_exit": [ "/event entity @s[hasitem={item=5d:kusanagi}] 5d:kusanagi1" ]
        },
        "kusanagib": {
          "transitions": [ {"default":"query.get_equipped_item_name != 'kusanagi'"} ],
          "on_exit": [ "/event entity @s[hasitem={item=5d:kusanagi}] 5d:kusanagi1"  ]                     
        }
      }
    },
    "controller.animation.gunbai": {
      "states": {
        "default": {
          "transitions": [ { "gunbai":"query.get_equipped_item_name == 'gunbai'" } ],
          "on_exit": [ "/event entity @s[hasitem={item=5d:gunbai}] 5d:gunbai0" ]
        },
        "gunbai": {
          "transitions": [ {"default":"query.get_equipped_item_name == 'gunbai'"} ],
          "on_exit": [ "/event entity @s[hasitem={item=5d:gunbai}] 5d:gunbai0"  ]                     
        }
      }
    },
    "controller.animation.gunbaib": {
      "states": {
        "default": {
          "transitions": [ { "gunbaib":"query.get_equipped_item_name != 'gunbai'" } ],
          "on_exit": [ "/event entity @s[hasitem={item=5d:gunbai}] 5d:gunbai1" ]
        },
        "gunbaib": {
          "transitions": [ {"default":"query.get_equipped_item_name != 'gunbai'"} ],
          "on_exit": [ "/event entity @s[hasitem={item=5d:gunbai}] 5d:gunbai1"  ]                     
        }
      }
    },
    "controller.animation.kubikiribocho": {
      "states": {
        "default": {
          "transitions": [ { "kubikiribocho":"query.get_equipped_item_name == 'kubikiribocho'" } ],
          "on_exit": [ "/event entity @s[hasitem={item=5d:kubikiribocho}] 5d:kubikiribocho0" ]
        },
        "kubikiribocho": {
          "transitions": [ {"default":"query.get_equipped_item_name == 'kubikiribocho'"} ],
          "on_exit": [ "/event entity @s[hasitem={item=5d:kubikiribocho}] 5d:kubikiribocho0"  ]                     
        }
      }
    },
    "controller.animation.kubikiribochob": {
      "states": {
        "default": {
          "transitions": [ { "kubikiribochob":"query.get_equipped_item_name != 'kubikiribocho'" } ],
          "on_exit": [ "/event entity @s[hasitem={item=5d:kubikiribocho}] 5d:kubikiribocho1" ]
        },
        "kubikiribochob": {
          "transitions": [ {"default":"query.get_equipped_item_name != 'kubikiribocho'"} ],
          "on_exit": [ "/event entity @s[hasitem={item=5d:kubikiribocho}] 5d:kubikiribocho1"  ]                     
        }
      }
    },
    "controller.animation.kakashi_preto": {
      "states": {
        "default": {
          "transitions": [ { "kakashi_preto":"query.get_equipped_item_name == 'kakashi_preto' && query.is_sneaking" } ],
          "on_exit": [ "/function hair_kakashi" ]
        },
        "kakashi_preto": {
          "transitions": [ {"default":"query.get_equipped_item_name == 'kakashi_preto' && !query.is_sneaking"} ],
          "on_exit": [ "" ]     
          }
        }
      },
      "controller.animation.kakashi_branco": {
      "states": {
        "default": {
          "transitions": [ { "kakashi_branco":"query.get_equipped_item_name == 'kakashi_branco' && query.is_sneaking" } ],
          "on_exit": [ "/function hair_kakashi" ]
        },
        "kakashi_branco": {
          "transitions": [ {"default":"query.get_equipped_item_name == 'kakashi_branco' && !query.is_sneaking"} ],
          "on_exit": [ "" ]     
          }
        }
      },
      "controller.animation.kakashi_marrom": {
      "states": {
        "default": {
          "transitions": [ { "kakashi_marrom":"query.get_equipped_item_name == 'kakashi_marrom' && query.is_sneaking" } ],
          "on_exit": [ "/function hair_kakashi" ]
        },
        "kakashi_marrom": {
          "transitions": [ {"default":"query.get_equipped_item_name == 'kakashi_marrom' && !query.is_sneaking"} ],
          "on_exit": [ "" ]    
          }
        }
      },
      "controller.animation.kakashi_cinza": {
      "states": {
        "default": {
          "transitions": [ { "kakashi_cinza":"query.get_equipped_item_name == 'kakashi_cinza' && query.is_sneaking" } ],
          "on_exit": [ "/function hair_kakashi" ]
        },
        "kakashi_cinza": {
          "transitions": [ {"default":"query.get_equipped_item_name == 'kakashi_cinza' && !query.is_sneaking"} ],
          "on_exit": [ "" ]     
          }
        }
      },
      "controller.animation.kakashi_azul_e": {
      "states": {
        "default": {
          "transitions": [ { "kakashi_azul_e":"query.get_equipped_item_name == 'kakashi_azul_e' && query.is_sneaking" } ],
          "on_exit": [ "/function hair_kakashi" ]
        },
        "kakashi_azul_e": {
          "transitions": [ {"default":"query.get_equipped_item_name == 'kakashi_azul_e' && !query.is_sneaking"} ],
          "on_exit": [ "" ]     
          }
        }
      },
      "controller.animation.kakashi_azul_c": {
      "states": {
        "default": {
          "transitions": [ { "kakashi_azul_c":"query.get_equipped_item_name == 'kakashi_azul_c' && query.is_sneaking" } ],
          "on_exit": [ "/function hair_kakashi" ]
        },
        "kakashi_azul_c": {
          "transitions": [ {"default":"query.get_equipped_item_name == 'kakashi_azul_c' && !query.is_sneaking"} ],
          "on_exit": [ "" ]      
          }
        }
      },
      "controller.animation.kakashi_verde_e": {
      "states": {
        "default": {
          "transitions": [ { "kakashi_verde_e":"query.get_equipped_item_name == 'kakashi_verde_e' && query.is_sneaking" } ],
          "on_exit": [ "/function hair_kakashi" ]
        },
        "kakashi_verde_e": {
          "transitions": [ {"default":"query.get_equipped_item_name == 'kakashi_verde_e' && !query.is_sneaking"} ],
          "on_exit": [ "" ]     
        }
      }
    },
    "controller.animation.kakashi_verde_c": {
    "states": {
      "default": {
        "transitions": [ { "kakashi_verde_c":"query.get_equipped_item_name == 'kakashi_verde_c' && query.is_sneaking" } ],
        "on_exit": [ "/function hair_kakashi" ]
      },
      "kakashi_verde_c": {
        "transitions": [ {"default":"query.get_equipped_item_name == 'kakashi_verde_c' && !query.is_sneaking"} ],
        "on_exit": [ "" ]  
      }
    }
  },
  "controller.animation.kakashi_vermelho": {
  "states": {
    "default": {
      "transitions": [ { "kakashi_vermelho":"query.get_equipped_item_name == 'kakashi_vermelho' && query.is_sneaking" } ],
      "on_exit": [ "/function hair_kakashi" ]
    },
    "kakashi_vermelho": {
      "transitions": [ {"default":"query.get_equipped_item_name == 'kakashi_vermelho' && !query.is_sneaking"} ],
      "on_exit": [ "" ]  
                }
        }
      },
      "controller.animation.kakashi_amarelo": {
      "states": {
        "default": {
          "transitions": [ { "kakashi_amarelo":"query.get_equipped_item_name == 'kakashi_amarelo' && query.is_sneaking" } ],
          "on_exit": [ "/function hair_kakashi" ]
        },
        "kakashi_amarelo": {
          "transitions": [ {"default":"query.get_equipped_item_name == 'kakashi_amarelo' && !query.is_sneaking"} ],
          "on_exit": [ "" ]  
        }
      }
    },
    "controller.animation.kakashi_laranja": {
    "states": {
      "default": {
        "transitions": [ { "kakashi_laranja":"query.get_equipped_item_name == 'kakashi_laranja' && query.is_sneaking" } ],
        "on_exit": [ "/function hair_kakashi" ]
      },
      "kakashi_laranja": {
        "transitions": [ {"default":"query.get_equipped_item_name == 'kakashi_laranja' && !query.is_sneaking"} ],
        "on_exit": [ "" ]  
      }
    }
  },
  "controller.animation.kakashi_roxo": {
  "states": {
    "default": {
      "transitions": [ { "kakashi_roxo":"query.get_equipped_item_name == 'kakashi_roxo' && query.is_sneaking" } ],
      "on_exit": [ "/function hair_kakashi" ]
    },
    "kakashi_roxo": {
      "transitions": [ {"default":"query.get_equipped_item_name == 'kakashi_roxo' && !query.is_sneaking"} ],
      "on_exit": [ "" ]  
    }
  }
},
"controller.animation.kakashi_rosa_e": {
"states": {
  "default": {
    "transitions": [ { "kakashi_rosa_e":"query.get_equipped_item_name == 'kakashi_rosa_e' && query.is_sneaking" } ],
    "on_exit": [ "/function hair_kakashi" ]
  },
  "kakashi_rosa_e": {
    "transitions": [ {"default":"query.get_equipped_item_name == 'kakashi_rosa_e' && !query.is_sneaking"} ],
    "on_exit": [ "" ]  
                  }
        }
      },
      "controller.animation.kakashi_rosa_c": {
      "states": {
        "default": {
          "transitions": [ { "kakashi_rosa_c":"query.get_equipped_item_name == 'kakashi_rosa_c' && query.is_sneaking" } ],
          "on_exit": [ "/function hair_kakashi" ]
        },
        "kakashi_rosa_c": {
          "transitions": [ {"default":"query.get_equipped_item_name == 'kakashi_rosa_c' && !query.is_sneaking"} ],
          "on_exit": [ "" ]  
        }
      }
    },
    "controller.animation.kakashi2_preto": {
      "states": {
        "default": {
          "transitions": [ { "kakashi2_preto":"query.get_equipped_item_name == 'kakashi2_preto' && query.is_sneaking" } ],
          "on_exit": [ "/function hair_kakashi2" ]
        },
        "kakashi2_preto": {
          "transitions": [ {"default":"query.get_equipped_item_name == 'kakashi2_preto' && !query.is_sneaking"} ],
          "on_exit": [ "" ]     
          }
        }
      },
      "controller.animation.kakashi2_branco": {
      "states": {
        "default": {
          "transitions": [ { "kakashi2_branco":"query.get_equipped_item_name == 'kakashi2_branco' && query.is_sneaking" } ],
          "on_exit": [ "/function hair_kakashi2" ]
        },
        "kakashi2_branco": {
          "transitions": [ {"default":"query.get_equipped_item_name == 'kakashi2_branco' && !query.is_sneaking"} ],
          "on_exit": [ "" ]     
          }
        }
      },
      "controller.animation.kakashi2_marrom": {
      "states": {
        "default": {
          "transitions": [ { "kakashi2_marrom":"query.get_equipped_item_name == 'kakashi2_marrom' && query.is_sneaking" } ],
          "on_exit": [ "/function hair_kakashi2" ]
        },
        "kakashi2_marrom": {
          "transitions": [ {"default":"query.get_equipped_item_name == 'kakashi2_marrom' && !query.is_sneaking"} ],
          "on_exit": [ "" ]    
          }
        }
      },
      "controller.animation.kakashi2_cinza": {
      "states": {
        "default": {
          "transitions": [ { "kakashi2_cinza":"query.get_equipped_item_name == 'kakashi2_cinza' && query.is_sneaking" } ],
          "on_exit": [ "/function hair_kakashi2" ]
        },
        "kakashi2_cinza": {
          "transitions": [ {"default":"query.get_equipped_item_name == 'kakashi2_cinza' && !query.is_sneaking"} ],
          "on_exit": [ "" ]     
          }
        }
      },
      "controller.animation.kakashi2_azul_e": {
      "states": {
        "default": {
          "transitions": [ { "kakashi2_azul_e":"query.get_equipped_item_name == 'kakashi2_azul_e' && query.is_sneaking" } ],
          "on_exit": [ "/function hair_kakashi2" ]
        },
        "kakashi2_azul_e": {
          "transitions": [ {"default":"query.get_equipped_item_name == 'kakashi2_azul_e' && !query.is_sneaking"} ],
          "on_exit": [ "" ]     
          }
        }
      },
      "controller.animation.kakashi2_azul_c": {
      "states": {
        "default": {
          "transitions": [ { "kakashi2_azul_c":"query.get_equipped_item_name == 'kakashi2_azul_c' && query.is_sneaking" } ],
          "on_exit": [ "/function hair_kakashi2" ]
        },
        "kakashi2_azul_c": {
          "transitions": [ {"default":"query.get_equipped_item_name == 'kakashi2_azul_c' && !query.is_sneaking"} ],
          "on_exit": [ "" ]      
          }
        }
      },
      "controller.animation.kakashi2_verde_e": {
      "states": {
        "default": {
          "transitions": [ { "kakashi2_verde_e":"query.get_equipped_item_name == 'kakashi2_verde_e' && query.is_sneaking" } ],
          "on_exit": [ "/function hair_kakashi2" ]
        },
        "kakashi2_verde_e": {
          "transitions": [ {"default":"query.get_equipped_item_name == 'kakashi2_verde_e' && !query.is_sneaking"} ],
          "on_exit": [ "" ]     
        }
      }
    },
    "controller.animation.kakashi2_verde_c": {
    "states": {
      "default": {
        "transitions": [ { "kakashi2_verde_c":"query.get_equipped_item_name == 'kakashi2_verde_c' && query.is_sneaking" } ],
        "on_exit": [ "/function hair_kakashi2" ]
      },
      "kakashi2_verde_c": {
        "transitions": [ {"default":"query.get_equipped_item_name == 'kakashi2_verde_c' && !query.is_sneaking"} ],
        "on_exit": [ "" ]  
      }
    }
  },
  "controller.animation.kakashi2_vermelho": {
  "states": {
    "default": {
      "transitions": [ { "kakashi2_vermelho":"query.get_equipped_item_name == 'kakashi2_vermelho' && query.is_sneaking" } ],
      "on_exit": [ "/function hair_kakashi2" ]
    },
    "kakashi2_vermelho": {
      "transitions": [ {"default":"query.get_equipped_item_name == 'kakashi2_vermelho' && !query.is_sneaking"} ],
      "on_exit": [ "" ]  
                }
        }
      },
      "controller.animation.kakashi2_amarelo": {
      "states": {
        "default": {
          "transitions": [ { "kakashi2_amarelo":"query.get_equipped_item_name == 'kakashi2_amarelo' && query.is_sneaking" } ],
          "on_exit": [ "/function hair_kakashi2" ]
        },
        "kakashi2_amarelo": {
          "transitions": [ {"default":"query.get_equipped_item_name == 'kakashi2_amarelo' && !query.is_sneaking"} ],
          "on_exit": [ "" ]  
        }
      }
    },
    "controller.animation.kakashi2_laranja": {
    "states": {
      "default": {
        "transitions": [ { "kakashi2_laranja":"query.get_equipped_item_name == 'kakashi2_laranja' && query.is_sneaking" } ],
        "on_exit": [ "/function hair_kakashi2" ]
      },
      "kakashi2_laranja": {
        "transitions": [ {"default":"query.get_equipped_item_name == 'kakashi2_laranja' && !query.is_sneaking"} ],
        "on_exit": [ "" ]  
      }
    }
  },
  "controller.animation.kakashi2_roxo": {
  "states": {
    "default": {
      "transitions": [ { "kakashi2_roxo":"query.get_equipped_item_name == 'kakashi2_roxo' && query.is_sneaking" } ],
      "on_exit": [ "/function hair_kakashi2" ]
    },
    "kakashi2_roxo": {
      "transitions": [ {"default":"query.get_equipped_item_name == 'kakashi2_roxo' && !query.is_sneaking"} ],
      "on_exit": [ "" ]  
    }
  }
},
"controller.animation.kakashi2_rosa_e": {
"states": {
  "default": {
    "transitions": [ { "kakashi2_rosa_e":"query.get_equipped_item_name == 'kakashi2_rosa_e' && query.is_sneaking" } ],
    "on_exit": [ "/function hair_kakashi2" ]
  },
  "kakashi2_rosa_e": {
    "transitions": [ {"default":"query.get_equipped_item_name == 'kakashi2_rosa_e' && !query.is_sneaking"} ],
    "on_exit": [ "" ]  
          }
        }
      },
      "controller.animation.kakashi2_rosa_c": {
      "states": {
        "default": {
          "transitions": [ { "kakashi2_rosa_c":"query.get_equipped_item_name == 'kakashi2_rosa_c' && query.is_sneaking" } ],
          "on_exit": [ "/function hair_kakashi2" ]
        },
        "kakashi2_rosa_c": {
          "transitions": [ {"default":"query.get_equipped_item_name == 'kakashi2_rosa_c' && !query.is_sneaking"} ],
          "on_exit": [ "" ]  
        }
      }
    },
    "controller.animation.rasengan": {
      "states": {
        "default": {
          "transitions": [ { "rasengan":"query.get_equipped_item_name == 'rasengan' && query.is_sneaking"} ],
          "on_exit": [ 
            
            "/playanimation @s animation.rasengan2 a 2"
          
          ]
        },
        "rasengan": {
          "transitions": [ {"default":"query.get_equipped_item_name == 'rasengan' && query.is_sneaking"} ],
          "on_exit": [ "" ]   
        }
      }
    },
    "controller.animation.rinnegan_1": {
      "states": {
        "default": {
          "transitions": [ { "rinnegan_1":"query.get_equipped_item_name == 'rinnegan_1' && query.is_sneaking" } ],
          "on_exit": [ 
            ]
        },
        "rinnegan_1": {
          "transitions": [ {"default":"query.get_equipped_item_name == 'rinnegan_1' && !query.is_sneaking"} ],
          "on_exit": [ 
    
            "/kill @e[type=5d:rinnegan_1]",
            "/summon 5d:rinnegan_1"
                        
          ]        
        }
      }
    },
    "controller.animation.rinnegan_2": {
      "states": {
        "default": {
          "transitions": [ { "rinnegan_2":"query.get_equipped_item_name == 'rinnegan_2' && query.is_sneaking" } ],
          "on_exit": [ 
            "/kill @e[type=5d:rinnegan_2]",
            "/summon 5d:rinnegan_2"
          ]
        },
        "rinnegan_2": {
          "transitions": [ {"default":"query.get_equipped_item_name == 'rinnegan_2' && !query.is_sneaking"} ],
          "on_exit": [ "" ]  
        }
      }
    },
    "controller.animation.rinnegan_3": {
      "states": {
        "default": {
          "transitions": [ { "rinnegan_3":"query.get_equipped_item_name == 'rinnegan_3' && query.is_sneaking" } ],
          "on_exit": [ 
            "/kill @e[type=5d:rinnegan_3]",
            "/summon 5d:rinnegan_3"
          ]
        },
        "rinnegan_3": {
          "transitions": [ {"default":"query.get_equipped_item_name == 'rinnegan_3' && !query.is_sneaking"} ],
          "on_exit": [ "" ]   
        }
      }
    },
    "controller.animation.rinnegan_4": {
      "states": {
        "default": {
          "transitions": [ { "rinnegan_4":"query.get_equipped_item_name == 'rinnegan_4' && query.is_sneaking" } ],
          "on_exit": [ 
            "/kill @e[type=5d:rinnegan_4]",
            "/summon 5d:rinnegan_4"
          ]
        },
        "rinnegan_4": {
          "transitions": [ {"default":"query.get_equipped_item_name == 'rinnegan_4' && !query.is_sneaking"} ],
          "on_exit": [ "" ]     
        }
      }
    },
    "controller.animation.rinnegan_5": {
      "states": {
        "default": {
          "transitions": [ { "rinnegan_5":"query.get_equipped_item_name == 'rinnegan_5' && query.is_sneaking" } ],
          "on_exit": [ 
            "/kill @e[type=5d:rinnegan_5]",
            "/summon 5d:rinnegan_5"
          ]
        },
        "rinnegan_5": {
          "transitions": [ {"default":"query.get_equipped_item_name == 'rinnegan_5' && !query.is_sneaking"} ],
          "on_exit": [ "" ]              
        }
      }
    },
    "controller.animation.rinnegan_6": {
      "states": {
        "default": {
          "transitions": [ { "rinnegan_6":"query.get_equipped_item_name == 'rinnegan_6' && query.is_sneaking" } ],
          "on_exit": [ 
            "/kill @e[type=5d:rinnegan_6]",
            "/summon 5d:rinnegan_6"
          ]
        },
        "rinnegan_6": {
          "transitions": [ {"default":"query.get_equipped_item_name == 'rinnegan_6' && !query.is_sneaking"} ],
          "on_exit": [ "" ]     
        }
      }
      },    
    "controller.animation.hiraishinmarca_1": {
      "states": {
        "default": {
          "transitions": [ { "hiraishinmarca_1":"query.get_equipped_item_name == 'hiraishinmarca_1' && query.is_sneaking" } ],
          "on_exit": [ 
            ]
        },
        "hiraishinmarca_1": {
          "transitions": [ {"default":"query.get_equipped_item_name == 'hiraishinmarca_1' && !query.is_sneaking"} ],
          "on_exit": [ 

            "/kill @e[type=5d:hiraishin_1]",
            "/summon 5d:hiraishin_1"
                        
          ]        
        }
      }
    },
    "controller.animation.hiraishinmarca_2": {
      "states": {
        "default": {
          "transitions": [ { "hiraishinmarca_2":"query.get_equipped_item_name == 'hiraishinmarca_2' && query.is_sneaking" } ],
          "on_exit": [ 
            "/kill @e[type=5d:hiraishin_2]",
            "/summon 5d:hiraishin_2"
          ]
        },
        "hiraishinmarca_2": {
          "transitions": [ {"default":"query.get_equipped_item_name == 'hiraishinmarca_2' && !query.is_sneaking"} ],
          "on_exit": [ "" ]  
        }
      }
    },
    "controller.animation.hiraishinmarca_3": {
      "states": {
        "default": {
          "transitions": [ { "hiraishinmarca_3":"query.get_equipped_item_name == 'hiraishinmarca_3' && query.is_sneaking" } ],
          "on_exit": [ 
            "/kill @e[type=5d:hiraishin_3]",
            "/summon 5d:hiraishin_3"
          ]
        },
        "hiraishinmarca_3": {
          "transitions": [ {"default":"query.get_equipped_item_name == 'hiraishinmarca_3' && !query.is_sneaking"} ],
          "on_exit": [ "" ]   
        }
      }
    },
    "controller.animation.hiraishinmarca_4": {
      "states": {
        "default": {
          "transitions": [ { "hiraishinmarca_4":"query.get_equipped_item_name == 'hiraishinmarca_4' && query.is_sneaking" } ],
          "on_exit": [ 
            "/kill @e[type=5d:hiraishin_4]",
            "/summon 5d:hiraishin_4"
          ]
        },
        "hiraishinmarca_4": {
          "transitions": [ {"default":"query.get_equipped_item_name == 'hiraishinmarca_4' && !query.is_sneaking"} ],
          "on_exit": [ "" ]     
        }
      }
    },
    "controller.animation.hiraishinmarca_5": {
      "states": {
        "default": {
          "transitions": [ { "hiraishinmarca_5":"query.get_equipped_item_name == 'hiraishinmarca_5' && query.is_sneaking" } ],
          "on_exit": [ 
            "/kill @e[type=5d:hiraishin_5]",
            "/summon 5d:hiraishin_5"
          ]
        },
        "hiraishinmarca_5": {
          "transitions": [ {"default":"query.get_equipped_item_name == 'hiraishinmarca_5' && !query.is_sneaking"} ],
          "on_exit": [ "" ]              
        }
      }
    },
    "controller.animation.hiraishinmarca_6": {
      "states": {
        "default": {
          "transitions": [ { "hiraishinmarca_6":"query.get_equipped_item_name == 'hiraishinmarca_6' && query.is_sneaking" } ],
          "on_exit": [ 
            "/kill @e[type=5d:hiraishin_6]",
            "/summon 5d:hiraishin_6"
          ]
        },
        "hiraishinmarca_6": {
          "transitions": [ {"default":"query.get_equipped_item_name == 'hiraishinmarca_6' && !query.is_sneaking"} ],
          "on_exit": [ "" ]     
        }
      }
      },
      "controller.animation.kamui_1": {
      "states": {
        "default": {
          "transitions": [ { "kamui_1":"query.get_equipped_item_name == 'kamui_1' && query.is_sneaking" } ],
          "on_exit": [ 
            ]
        },
        "kamui_1": {
          "transitions": [ {"default":"query.get_equipped_item_name == 'kamui_1' && !query.is_sneaking"} ],
          "on_exit": [ 
      
            "/kill @e[type=5d:kamui_1]",
            "/summon 5d:kamui_1"
                        
          ]        
        }
      }
      },
      "controller.animation.kamui_2": {
      "states": {
        "default": {
          "transitions": [ { "kamui_2":"query.get_equipped_item_name == 'kamui_2' && query.is_sneaking" } ],
          "on_exit": [ 
            "/kill @e[type=5d:kamui_2]",
            "/summon 5d:kamui_2"
          ]
        },
        "kamui_2": {
          "transitions": [ {"default":"query.get_equipped_item_name == 'kamui_2' && !query.is_sneaking"} ],
          "on_exit": [ "" ]  
        }
      }
      },
      "controller.animation.kamui_3": {
      "states": {
        "default": {
          "transitions": [ { "kamui_3":"query.get_equipped_item_name == 'kamui_3' && query.is_sneaking" } ],
          "on_exit": [ 
            "/kill @e[type=5d:kamui_3]",
            "/summon 5d:kamui_3"
          ]
        },
        "kamui_3": {
          "transitions": [ {"default":"query.get_equipped_item_name == 'kamui_3' && !query.is_sneaking"} ],
          "on_exit": [ "" ]   
        }
      }
      },
      "controller.animation.kamui_4": {
      "states": {
        "default": {
          "transitions": [ { "kamui_4":"query.get_equipped_item_name == 'kamui_4' && query.is_sneaking" } ],
          "on_exit": [ 
            "/kill @e[type=5d:kamui_4]",
            "/summon 5d:kamui_4"
          ]
        },
        "kamui_4": {
          "transitions": [ {"default":"query.get_equipped_item_name == 'kamui_4' && !query.is_sneaking"} ],
          "on_exit": [ "" ]     
        }
      }
      },
      "controller.animation.kamui_5": {
      "states": {
        "default": {
          "transitions": [ { "kamui_5":"query.get_equipped_item_name == 'kamui_5' && query.is_sneaking" } ],
          "on_exit": [ 
            "/kill @e[type=5d:kamui_5]",
            "/summon 5d:kamui_5"
          ]
        },
        "kamui_5": {
          "transitions": [ {"default":"query.get_equipped_item_name == 'kamui_5' && !query.is_sneaking"} ],
          "on_exit": [ "" ]                    
        }
      }
    }
  }
}
