{
    "format_version": "1.10.0",
    "animation_controllers": {
      "controller.animation.player.walking_style": {
        "initial_state": "default",
        "states": {
          "default": {
            "animations": [
              "move.arms",
              "move.legs"
            ],
            "transitions": [
              {
                "flying": "query.has_tag('voando')"
              }
            ]
          },
          "flying": {
            "animations": [
              "animation.corrida_ninja2"  
            ],
            "transitions": [
              {
                "default": "!query.has_tag('voando')"
              }
            ]
          }
        }
      }
    }
  }