{
    "format_version": "1.20.80",
    "minecraft:item": {
        "description": {
            "identifier": "5d:kamui_portal",
            "menu_category": {
                "category": "equipment"
            }
        },
        "components": {
            "minecraft:icon": {
                "textures": {
                    "default": "kamui_portal"
                }
            },
            "minecraft:display_name": {
                "value": "kamui Portal"
            },
            "minecraft:max_stack_size": 1,
            "minecraft:allow_off_hand": false
        }
    }
}