{
    "format_version": "1.20.80",
    "minecraft:item": {
        "description": {
            "identifier": "5dbraco_hashirama",
            "menu_category": {
                "category": "equipment"
            }
        },
        "components": {
            "minecraft:icon": {
                "textures": {
                    "default": "braco_hashirama"
                }
            },
            "minecraft:display_name": {
                "value": "Braço artificial"
            },
            "minecraft:max_stack_size": 1,
            "minecraft:allow_off_hand": false,
            "minecraft:cooldown": {
                "category": "frasco_chakra",
                "duration": 2
            }
        }
    }
}