{
    "format_version": "1.20.80",
    "minecraft:item": {
        "description": {
            "identifier": "5d:frag_armadura_areia",
            "menu_category": {
                "category": "equipment"
            }
        },
        "components": {
            "minecraft:icon": {
                "textures": {
                    "default": "frag_armadura_areia"
                }
            },
            "minecraft:display_name": {
                "value": "Fragmento da Armadura da Areia"
            },
            "minecraft:max_stack_size": 16,
            "minecraft:allow_off_hand": false,
            "minecraft:cooldown": {
                "category": "frag_armadura_areia",
                "duration": 2
            }
        }
    }
}