{
    "format_version": "1.20.80",
    "minecraft:item": {
        "description": {
            "identifier": "5d:frasco_vida",
            "menu_category": {
                "category": "equipment"
            }
        },
        "components": {
            "minecraft:icon": {
                "textures": {
                    "default": "frasco_vida"
                }
            },
            "minecraft:display_name": {
                "value": "Frasco de Vida"
            },
            "minecraft:max_stack_size": 3,
            "minecraft:allow_off_hand": false,
            "minecraft:cooldown": {
                "category": "frasco_vida",
                "duration": 2
            }
        }
    }
}