{
	"format_version": "1.18.0",
	"minecraft:entity": {
	  "description": {
		"identifier": "5d:zabuza1",
		"is_spawnable": false,
		"is_summonable": true,
		"is_experimental": false
	  },
	  "component_groups": {},
	  "components": {
		"minecraft:boss": {
			"name": "§lZabuza Momochi",
			"hud_range": 64
		  },
		"minecraft:type_family": {
		  "family": ["shinobi_teste","boss"]
		},
		"minecraft:scale": {
		  "value": 1.5
		},
		"minecraft:health": {
			"value": 400,
			"max": 400
		  },
		"minecraft:knockback_resistance": {
		  "protection": 1000000
		},
		"minecraft:collision_box": {
			"width": 1.2,
			"height": 3.2
		  },
		"minecraft:loot": {
			"table": "loot_tables/entities/gunbai_chao.json"
		},
		"minecraft:nameable": {},
		"minecraft:physics": {},
		"minecraft:pushable": {
		  "is_pushable": false,
		  "is_pushable_by_piston": false
		},
		"minecraft:timer": {
		  "looping": true,
		  "time": 0,
		  "time_down_event": {
			"event": "on:efeitos"
		  }
		},
		"minecraft:on_death": {
		  "event": "on:death",
		  "target": "self"
		}
	  },
	  "events": {
		"on:efeitos": {
		  "queue_command": {
			"command": [
			]
		  }
		},
		"on:death": {
		  "queue_command": {
			"command": [
				"tag @a[tag=battle_boss_zabuza,r=64] add start_cutscene_zabuza2",
				"camera @a[r=64] fade time 0 2 0"
			]
		  }
		}
	  }
	}
}