{
	"format_version": "1.17.100",
	"minecraft:entity": {
		"description": {
			"identifier": "5d:menu1",
			"is_spawnable": false,
			"is_summonable": true,
			"is_experimental": false
		},
		"component_groups": {
			"5d:waitopen": {
				"minecraft:timer": {
					"looping": false,
					"time": 0.1,
					"time_down_event": {
						"event": "5d:opengui"
					}
				}
			},
			"5d:killdelay": {
				"minecraft:timer": {
					"looping": false,
					"time": 200,
					"time_down_event": {
						"event": "5d:kill"
					}
				},
				"minecraft:damage_sensor": {
					"triggers": [
						{
							"cause": "all",
							"deals_damage": false
						}
					]
				}
			}
		},
		"components": {
			"minecraft:npc": {},
			"minecraft:scale": {
				"value": 0
			},
			"minecraft:fire_immune": true,
			"minecraft:collision_box": {
				"width": 0,
				"height": 0
			},
			"minecraft:movement": {
				"value": 0
			},
			"minecraft:timer": {
				"looping": false,
				"time": 200,
				"time_down_event": {
					"event": "5d:kill"
				}
			},
			"minecraft:friction_modifier": {
				"value": 300
			},
			"minecraft:pushable": {
				"is_pushable": false,
				"is_pushable_by_piston": false
			},
			"minecraft:physics": {
				"has_collision": false,
				"has_gravity": false
			}
		},
		"events": {
			"5d:kill": {
				"queue_command": {
					"command": [
						"tp @s ~ -80 ~",
						"kill @s"
					]
				}
			},
			"5d:open": {
				"add": {
					"component_groups": [
						"5d:waitopen"
					]
				}
			},
			"5d:opengui": {
				"queue_command": {
					"command": [
						"dialogue open @s @p cla1"
					]
				},
				"add": {
					"component_groups": [
						"5d:killdelay"
					]
				}
			}
		}
	}
}