{
  "format_version": "1.20.80",
  "minecraft:item": {
      "description": {
          "identifier": "5d:papel_terra",
          "menu_category": {
              "category": "equipment"
          }
      },
      "components": {
          "minecraft:icon": {
              "textures": {
                  "default": "papel_terra"
              }
          },
          "minecraft:display_name": {
      "value": "Papel desintegrado"
          },
          "minecraft:max_stack_size": 1,
          "minecraft:allow_off_hand": false
          }
      }
  }
