
{
	"format_version": "1.16.0",
	"minecraft:entity": {
	  "description": {
		"identifier": "5d:attack3_clone1_naruto_sennin",
		"is_spawnable": true,
		"is_summonable": true,
		"is_experimental": false
	  },
	  "component_groups": {
		"minecraft:charged_creeper": {
		  "minecraft:is_charged": {}
		},
		"minecraft:exploding": {
		  "minecraft:target_nearby_sensor": {
			"inside_range": 2.5,
			"outside_range": 6.0,
			"must_see": true,
			"on_inside_range": {
			  "event": "minecraft:start_exploding",
			  "target": "self"
			},
			"on_outside_range": {
			  "event": "minecraft:stop_exploding",
			  "target": "self"
			},
			"on_vision_lost_inside_range": {
			  "event": "minecraft:stop_exploding",
			  "target": "self"
			}
		  },
		  "minecraft:behavior.swell": {
			"start_distance": 2.5,
			"stop_distance": 6.0,
			"priority": 2
		  }
		},
		"minecraft:charged_exploding": {
		  "minecraft:target_nearby_sensor": {
			"inside_range": 2.5,
			"outside_range": 6.0,
			"must_see": true,
			"on_inside_range": {
			  "event": "minecraft:start_exploding",
			  "target": "self"
			},
			"on_outside_range": {
			  "event": "minecraft:stop_exploding",
			  "target": "self"
			},
			"on_vision_lost_inside_range": {
			  "event": "minecraft:stop_exploding",
			  "target": "self"
			}
		  },
		  "minecraft:behavior.swell": {
			"start_distance": 2.5,
			"stop_distance": 6.0,
			"priority": 2
		  }
		},
		"minecraft:forced_exploding": {
		  "minecraft:target_nearby_sensor": {
			"inside_range": 2.5,
			"outside_range": 6.0,
			"must_see": true,
			"on_inside_range": {
			  "event": "minecraft:start_exploding_forced",
			  "target": "self"
			},
			"on_outside_range": {
			  "event": "minecraft:stop_exploding",
			  "target": "self"
			},
			"on_vision_lost_inside_range": {
			  "event": "minecraft:stop_exploding",
			  "target": "self"
			}
		  },
		  "minecraft:behavior.swell": {
			"start_distance": 2.5,
			"stop_distance": 6.0,
			"priority": 2
		  }
		},
		"minecraft:forced_charged_exploding": {
		  "minecraft:target_nearby_sensor": {
			"inside_range": 2.5,
			"outside_range": 6.0,
			"must_see": true,
			"on_inside_range": {
			  "event": "minecraft:start_exploding_forced",
			  "target": "self"
			},
			"on_outside_range": {
			  "event": "minecraft:stop_exploding",
			  "target": "self"
			},
			"on_vision_lost_inside_range": {
			  "event": "minecraft:stop_exploding",
			  "target": "self"
			}
		  },
		  "minecraft:behavior.swell": {
			"start_distance": 2.5,
			"stop_distance": 6.0,
			"priority": 2
		  }
		}
	  },
	  "components": {
		"minecraft:on_hurt_by_player": {
			"event": "on:hurt_by_player",
			"target": "self"
		  },
		"minecraft:timer": {
		  "looping": true,
		  "time": 0,
		  "time_down_event": {
			"event": "on:efeitos"
		  }
		},
		"minecraft:is_hidden_when_invisible": {},
		"minecraft:experience_reward": {
		  "on_death": "query.last_hit_by_player ? 5 : 0"
		},
		"minecraft:type_family": {
		  "family": [
			"monster",
			"boss",
			"boss_naruto_sennin",
			"player"
		  ]
		},
		"minecraft:breathable": {
		  "total_supply": 15,
		  "suffocate_time": 0
		},
		"minecraft:nameable": {},
		"minecraft:collision_box": {
		  "width": 1.2,
		  "height": 3.2
		},
		"minecraft:movement": {
		  "value": 0.4
		},
		"minecraft:navigation.walk": {
		  "can_path_over_water": true
		},
		"minecraft:movement.basic": {},
		"minecraft:jump.static": {},
		"minecraft:can_climb": {},
		"minecraft:health": {
		  "value": 4114000,
		  "max": 41140000
		},
		"minecraft:hurt_on_condition": {
		  "damage_conditions": [
			{
			  "filters": {
				"test": "in_lava",
				"subject": "self",
				"operator": "==",
				"value": true
			  },
			  "cause": "lava",
			  "damage_per_tick": 4
			}
		  ]
		},
		"minecraft:attack": {
		  "damage": 0
		},
		"minecraft:damage_sensor": {
		  "triggers": {
			"on_damage": {
			  "filters": {
				"test": "is_family",
				"subject": "other",
				"value": "lightning"
			  },
			  "event": "minecraft:become_charged"
			},
			"deals_damage": false
		  }
		},
		"minecraft:interact": {
		  "interactions": {
			"on_interact": {
			  "filters": {
				"all_of": [
				  {
					"test": "is_family",
					"subject": "other",
					"value": "player"
				  },
				  {
					"test": "has_equipment",
					"domain": "hand",
					"subject": "other",
					"value": "flint_and_steel"
				  },
				  {
					"test": "has_component",
					"operator": "!=",
					"value": "minecraft:explode"
				  }
				]
			  },
			  "event": "minecraft:start_exploding_forced",
			  "target": "self"
			},
			"hurt_item": 1,
			"swing": true,
			"play_sounds": "ignite",
			"interact_text": "action.interact.creeper"
		  }
		},
		"minecraft:despawn": {
		  "despawn_from_distance": {}
		},
		"minecraft:behavior.float": {
		  "priority": 0
		},
		"minecraft:behavior.melee_attack": {
		  "priority": 4,
		  "speed_multiplier": 1.25,
		  "track_target": false,
		  "reach_multiplier": 0.0
		},
		"minecraft:behavior.random_stroll": {
		  "priority": 5,
		  "speed_multiplier": 1
		},
		"minecraft:behavior.look_at_player": {
		  "priority": 6,
		  "look_distance": 8
		},
		"minecraft:behavior.random_look_around": {
		  "priority": 6
		},
"minecraft:behavior.nearest_attackable_target": {
  "priority": 1,
  "must_see": true,
  "must_see_forget_duration": 3.0,
  "entity_types": [
    {
      "filters": {
        "all_of": [
          {
            "test": "is_family",
            "subject": "other",
            "value": "player"
          },
          {
			"test": "is_family",
            "subject": "other",
			"operator": "!=",
            "value": "boss_naruto_sennin"
          },
          {
            "test": "has_tag",
            "subject": "other",
            "operator": "!=",
            "value": "dialogo",
            "negate": true
          }
        ]
      },
      "max_dist": 16
    }
  ]
},
		"minecraft:scale": {
		  "value": 1.3
		},
		"minecraft:behavior.hurt_by_target": {
		  "priority": 2
		},
		"minecraft:physics": {},
		"minecraft:pushable": {
		  "is_pushable": true,
		  "is_pushable_by_piston": true
		},
		"minecraft:on_target_escape": {
		  "event": "minecraft:stop_exploding",
		  "target": "self"
		},
		"minecraft:conditional_bandwidth_optimization": {},
		"minecraft:on_death": {
		  "event": "on:death",
		  "target": "self"
		}
	  },
	  "events": {
		"on:efeitos": {
		  "queue_command": {
			"command": [
				"scoreboard players add @s dialogo 1",
				"execute at @s[scores={dialogo=1..,dialogo=..5}] run execute at @e[type=5d:attack3_clone1_naruto_sennin,c=1] run particle minecraft:egg_destroy_emitter ~~~",
				"execute at @s[scores={dialogo=1..,dialogo=..5}] run playsound kage_bunshin @a[r=64]",
				"execute at @s[scores={dialogo=20..,dialogo=..25}] run playsound attack1_naruto_sennin @a[r=64]",
				"playanimation @s[scores={dialogo=0..,dialogo=..5}] animation.attack3_clone1_naruto_sennin porkyn 0.01",
	
				"replaceitem entity @s[scores={dialogo=0..,dialogo=..5}] slot.armor.chest 1 5d:armadura_naruto_sennin1 1 0 {\"minecraft:item_lock\": {\"mode\": \"lock_in_inventory\"}}",
				"replaceitem entity @s[scores={dialogo=0..,dialogo=..5}] slot.armor.legs 1 5d:face_naruto 1 0 {\"minecraft:item_lock\": {\"mode\": \"lock_in_inventory\"}}",

				"replaceitem entity @s[scores={dialogo=0..,dialogo=..5}] slot.armor.feet 1 5d:hair_naruto_shippuden_amarelo 1 0 {\"minecraft:item_lock\": {\"mode\": \"lock_in_inventory\"}}",
				"replaceitem entity @s[scores={dialogo=0..,dialogo=..5}] slot.armor.head 1 5d:sennin_sapos_boss 1 0 {\"minecraft:item_lock\": {\"mode\": \"lock_in_inventory\"}}",

				"execute at @s[scores={dialogo=45..,dialogo=..80}] run execute as @e[type=!5d:attack3_clone2_naruto_sennin,type=!5d:attack3_clone1_naruto_sennin,family=!boss_naruto_sennin,family=player,r=3,tag=!intangivel] run function impact_player",

				"effect @s[scores={dialogo=58}] slowness 255 255 true",

				"execute at @s[scores={dialogo=55..,dialogo=..90}] run tp @e[c=1,type=!5d:attack3_clone2_naruto_sennin,type=!5d:attack3_clone1_naruto_sennin,family=!boss_naruto_sennin,family=player,r=3,tag=!intangivel] @e[c=1,type=5d:attack3_clone1_naruto_sennin]",

				"execute at @s[scores={dialogo=70}] run summon 5d:attack3_clone2_naruto_sennin",

				"execute at @s[scores={dialogo=85}] run playanimation @e[type=5d:attack3_clone2_naruto_sennin,c=1] animation.attack3_clone2_naruto_sennin porkyn 0.01",
				"execute at @s[scores={dialogo=85}] run playanimation @e[type=5d:attack3_clone2_naruto_sennin,c=1] animation.attack3_clone2_naruto_sennin porkyn 0.01",

				

				"execute at @a[r=25] run tag @e[type=5d:attack3_clone1_naruto_sennin] add start"
			]
		  }
		},
		"on:death": {
		  "queue_command": {
			"command": [

			]
		  }
		},
		"on:hurt_by_player": {
			"queue_command": {
			  "command": [
				"particle 5d:blood ~~~"
			  ]
			}
		  }
	  }
	}
  }