{
	"format_version": "1.18.0",
	"minecraft:entity": {
	  "description": {
		"identifier": "5d:attack3_clone2_naruto_sennin",
		"is_spawnable": false,
		"is_summonable": true,
		"is_experimental": false
	  },
	  "component_groups": {},
	  "components": {
		"minecraft:type_family": {
		  "family": ["objeto"]
		},
		"minecraft:scale": {
			"value": 1.3
		  },
		  "minecraft:health": {
			  "value": 1000000,
			  "max": 1000000
			},
		"minecraft:knockback_resistance": {
		  "protection": 1
		},
		"minecraft:collision_box": {
		  "width": 0,
		  "height": 0
		},
		"minecraft:nameable": {},
		"minecraft:physics": {},
		"minecraft:pushable": {
		  "is_pushable": true,
		  "is_pushable_by_piston": true
		},
		"minecraft:timer": {
		  "looping": true,
		  "time": 0,
		  "time_down_event": {
			"event": "on:efeitos"
		  }
		}
	  },
	  "events": {
		"on:efeitos": {
		  "queue_command": {
			"command": [
				"scoreboard players add @s dialogo 1",
				"playanimation @s[scores={dialogo=1..,dialogo=..5}] animation.attack3_clone2_naruto_sennin porkyn 0.01",

				

				"replaceitem entity @s[scores={dialogo=1..,dialogo=..5}] slot.armor.chest 1 5d:armadura_naruto_sennin1 1 0 {\"minecraft:item_lock\": {\"mode\": \"lock_in_inventory\"}}",
				"replaceitem entity @s[scores={dialogo=1..,dialogo=..5}] slot.armor.feet 1 5d:hair_naruto_shippuden_amarelo 1 0 {\"minecraft:item_lock\": {\"mode\": \"lock_in_inventory\"}}",
				"replaceitem entity @s[scores={dialogo=1..,dialogo=..5}] slot.armor.head 1 5d:sennin_sapos_boss 1 0 {\"minecraft:item_lock\": {\"mode\": \"lock_in_inventory\"}}",
				"replaceitem entity @s[scores={dialogo=1..,dialogo=..5}] slot.armor.legs 1 5d:face_naruto 1 0 {\"minecraft:item_lock\": {\"mode\": \"lock_in_inventory\"}}",


				"execute at @s[scores={dialogo=65}] run execute as @e[type=!5d:attack3_clone2_naruto_sennin,type=!5d:attack3_clone1_naruto_sennin,family=!boss_naruto_sennin,family=player,r=3,tag=!intangivel] run function impact_player",
				"execute at @s[scores={dialogo=1}] run replaceitem entity @e[type=5d:attack3_clone2_naruto_sennin,c=1] slot.weapon.mainhand 1 5d:rasengan_duplo 1 0 {\"minecraft:item_lock\": {\"mode\": \"lock_in_inventory\"}}",
				"execute at @s[scores={dialogo=65}] run execute at @e[type=5d:attack3_clone2_naruto_sennin,c=1] run particle minecraft:huge_explosion_emitter ~~~",
				"execute at @s[scores={dialogo=70}] run execute at @e[type=5d:attack3_clone2_naruto_sennin,c=1] run particle minecraft:huge_explosion_emitter ~~~",
				"execute at @s[scores={dialogo=65}] run execute at @e[type=5d:attack3_clone2_naruto_sennin,c=1] run camerashake add @a[r=5] 1 1 positional",
				"execute at @s[scores={dialogo=65}] run execute at @e[type=5d:attack3_clone2_naruto_sennin,c=1] run damage @e[tag=!intangivel,family=!objeto,family=!boss_naruto_sennin,r=5,type=!5d:attack3_clone2_naruto_sennin,type=!5d:attack3_clone1_naruto_sennin] 480 entity_attack entity @s",
				"execute at @s[scores={dialogo=65}] run execute at @e[type=5d:attack3_clone2_naruto_sennin,c=1] run summon 5d:impact_dirt2 ~~~",
				"execute at @s[scores={dialogo=65..75}] run execute at @e[type=5d:attack3_clone2_naruto_sennin,c=1] run particle 5d:rasengan ~~~",

				"execute at @s[scores={dialogo=34}] run execute at @e[type=5d:attack3_clone1_naruto_sennin,c=1] run particle minecraft:egg_destroy_emitter ~~~",
				"execute at @s[scores={dialogo=34}] run playsound subs @a[r=64]",
				"execute at @s[scores={dialogo=34}] run tp @e[type=5d:attack3_clone1_naruto_sennin,c=1] ~~-100~",
				"execute at @s[scores={dialogo=40}] run kill @e[type=5d:attack3_clone1_naruto_sennin,c=1]",

				"execute at @s[scores={dialogo=90}] run execute at @e[type=5d:attack3_clone2_naruto_sennin,c=1] run particle minecraft:egg_destroy_emitter ~~~",
				"execute at @s[scores={dialogo=90}] run playsound subs @a[r=64]",
				"execute at @s[scores={dialogo=90}] run tp @e[type=5d:attack3_clone2_naruto_sennin,c=1] ~~-100~",
				"kill @s[scores={dialogo=100}]"

			]
		  }
		}
	  }
	}
  }