{
	"format_version": "1.18.0",
	"minecraft:entity": {
	  "description": {
		"identifier": "5d:attack2_damage_naruto_sennin",
		"is_spawnable": false,
		"is_summonable": true,
		"is_experimental": false
	  },
	  "component_groups": {},
	  "components": {
		"minecraft:type_family": {
		  "family": ["objeto"]
		},
		"minecraft:scale": {
			"value": 0
		  },
		  "minecraft:health": {
			  "value": 1000000,
			  "max": 1000000
			},
		"minecraft:knockback_resistance": {
		  "protection": 1
		},
		"minecraft:collision_box": {
		  "width": 0,
		  "height": 0
		},
		"minecraft:nameable": {},
		"minecraft:physics": {},
		"minecraft:pushable": {
		  "is_pushable": true,
		  "is_pushable_by_piston": true
		},
		"minecraft:timer": {
		  "looping": true,
		  "time": 0,
		  "time_down_event": {
			"event": "on:efeitos"
		  }
		}
	  },
	  "events": {
		"on:efeitos": {
		  "queue_command": {
			"command": [
				"scoreboard players add @s dialogo 1",
				"execute at @s[scores={dialogo=81}] run summon 5d:impact_dirt2 ~~1~",
				"execute at @s[scores={dialogo=81..90}] run particle 5d:rasenshuriken ~~4~",
				
				"execute at @s[scores={dialogo=81}] run playsound explosao1 @a[r=64]",
				"execute at @s[scores={dialogo=80}] run damage @e[tag=!intangivel,family=!objeto,family=!boss_naruto_sennin,r=10,type=!5d:attack3_clone2_naruto_sennin,type=!5d:attack3_clone1_naruto_sennin] 480 entity_attack entity @s",
				"execute at @s[scores={dialogo=80}] run execute as @e[tag=!intangivel,family=!objeto,family=!boss_naruto_sennin,r=10,type=!5d:attack3_clone2_naruto_sennin,type=!5d:attack3_clone1_naruto_sennin] run function impact_player",
				"execute at @s[scores={dialogo=80}] run particle minecraft:huge_explosion_emitter ~~~",
				"execute at @s[scores={dialogo=80}] run particle minecraft:huge_explosion_emitter ~~1~",
				"execute at @s[scores={dialogo=80}] run particle minecraft:huge_explosion_emitter ~~-1~",
				"execute at @s[scores={dialogo=140}] run tp @e[type=5d:rasenshuriken_entidade,c=1] ~~-100~",
				"tp @s[scores={dialogo=145}] ~~-100~",
				"execute at @s[scores={dialogo=150}] run kill @e[type=5d:rasenshuriken_entidade,c=1]",
				"kill @s[scores={dialogo=150}]"
			]
		  }
		}
	  }
	}
  }