{
	"format_version": "1.18.0",
	"minecraft:entity": {
	  "description": {
		"identifier": "5d:attack1_naruto_sennin",
		"is_spawnable": false,
		"is_summonable": true,
		"is_experimental": false
	  },
	  "component_groups": {},
	  "components": {
		"minecraft:type_family": {
		  "family": ["objeto"]
		},
		"minecraft:scale": {
			"value": 0
		  },
		  "minecraft:health": {
			  "value": 1000000,
			  "max": 1000000
			},
		"minecraft:knockback_resistance": {
		  "protection": 1
		},
		"minecraft:collision_box": {
		  "width": 0,
		  "height": 0
		},
		"minecraft:nameable": {},
		"minecraft:physics": {},
		"minecraft:pushable": {
		  "is_pushable": true,
		  "is_pushable_by_piston": true
		},
		"minecraft:timer": {
		  "looping": true,
		  "time": 0,
		  "time_down_event": {
			"event": "on:efeitos"
		  }
		}
	  },
	  "events": {
		"on:efeitos": {
		  "queue_command": {
			"command": [
				"scoreboard players add @s dialogo 1",
				"execute at @s[scores={dialogo=1}] run playanimation @e[tag=!impact_player,tag=!poisebreak,type=5d:naruto_sennin,c=1] animation.attack1_naruto_sennin porkyn 0.01",
				"execute at @s[scores={dialogo=1}] run replaceitem entity @e[tag=!impact_player,tag=!poisebreak,type=5d:naruto_sennin,c=1] slot.weapon.mainhand 1 5d:rasengan_duplo 1 0 {\"minecraft:item_lock\": {\"mode\": \"lock_in_inventory\"}}",
				"execute at @s[scores={dialogo=40}] run execute at @e[tag=!impact_player,tag=!poisebreak,type=5d:naruto_sennin,c=1] run particle minecraft:huge_explosion_emitter ~~~",
				"execute at @s[scores={dialogo=40}] run execute at @e[tag=!impact_player,tag=!poisebreak,type=5d:naruto_sennin,c=1] run particle minecraft:huge_explosion_emitter ~~~",


				"execute at @s[scores={dialogo=100}] run tp @e[tag=!impact_player,tag=!poisebreak,type=5d:naruto_sennin,c=1] @e[family=player,family=!boss_naruto_sennin,c=1]",

				"execute at @s[scores={dialogo=140}] run execute at @e[tag=!impact_player,tag=!poisebreak,type=5d:naruto_sennin,c=1] run particle minecraft:huge_explosion_emitter ~~~",
				"execute at @s[scores={dialogo=140}] run execute at @e[tag=!impact_player,tag=!poisebreak,type=5d:naruto_sennin,c=1] run particle minecraft:huge_explosion_emitter ~~~",




				"execute at @s[scores={dialogo=130}] run execute at @e[tag=!impact_player,tag=!poisebreak,type=5d:naruto_sennin,c=1] run camerashake add @a[r=5] 1 1 positional",
				"execute at @s[scores={dialogo=130}] run execute at @e[tag=!impact_player,tag=!poisebreak,type=5d:naruto_sennin,c=1] run damage @e[tag=!intangivel,family=!objeto,family=!boss_naruto_sennin,r=5] 480 entity_attack entity @s",
				"execute at @s[scores={dialogo=130}] run execute at @e[tag=!impact_player,tag=!poisebreak,type=5d:naruto_sennin,c=1] run execute at @e[tag=!intangivel,family=!objeto,family=!boss_naruto_sennin,r=5] run function impact_player",
				"execute at @s[scores={dialogo=130}] run execute at @e[tag=!impact_player,tag=!poisebreak,type=5d:naruto_sennin,c=1] run summon 5d:impact_dirt2 ~~~",
				"execute at @s[scores={dialogo=130..135}] run execute at @e[tag=!impact_player,tag=!poisebreak,type=5d:naruto_sennin,c=1] run particle 5d:rasengan ~~~",
				"execute at @s[scores={dialogo=150}] run replaceitem entity @e[tag=!impact_player,tag=!poisebreak,type=5d:naruto_sennin,c=1] slot.weapon.mainhand 1 air",
	

				"tp @s[scores={dialogo=180}] ~~-100~",
				"kill @s[scores={dialogo=185}]"
			]
		  }
		}
	  }
	}
  }