{
    "format_version": "1.20.80",
    "minecraft:item": {
        "description": {
            "identifier": "5d:selo_carneiro",
            "menu_category": {
                "category": "equipment"
            }
        },
        "components": {
            "minecraft:icon": {
                "textures": {
                    "default": "selo"
                }
            },
            "minecraft:display_name": {
                "value": "Selo carneiro"
            },
            "minecraft:max_stack_size": 64,
            "minecraft:allow_off_hand": false
        }
    }
}