{
	"format_version": "1.18.0",
	"minecraft:entity": {
	  "description": {
		"identifier": "5d:chidori2",
		"is_spawnable": false,
		"is_summonable": true,
		"is_experimental": false
	  },
	  "component_groups": {},
	  "components": {
		"minecraft:type_family": {
		  "family": ["objeto"]
		},
		"minecraft:scale": {
			"value": 1
		  },
		  "minecraft:health": {
			  "value": 1000000,
			  "max": 1000000
			},
			
		"minecraft:knockback_resistance": {
		  "protection": 1000000
		},
		"minecraft:collision_box": {
		  "width": 0,
		  "height": 0
		},
		"minecraft:nameable": {},
		"minecraft:physics": {},
		"minecraft:pushable": {
		  "is_pushable": false,
		  "is_pushable_by_piston": false
		},
		"minecraft:timer": {
		  "looping": true,
		  "time": 0,
		  "time_down_event": {
			"event": "on:efeitos"
		  }
		}
	  },
	  "events": {
		"on:efeitos": {
		  "queue_command": {
			"command": [
				"scoreboard players add @s dialogo 1",
				"execute at @s[scores={dialogo=1}] run kill @e[type=5d:chidori,c=1]",
				"execute at @s[scores={dialogo=1}] run execute at @a[tag=executando_chidori,c=1] run event entity @s 5d:chidori",
				"execute at @s[scores={dialogo=1}] run execute at @a[tag=executando_chidori,c=1] run playsound chidori @a[r=20]",
				"execute at @s[scores={dialogo=10}] run execute at @a[tag=executando_chidori,c=1] run effect @s speed 6 8 true",
				"execute at @s[scores={dialogo=8}] run execute at @a[tag=executando_chidori,c=1] run playanimation @s animation.chidori porkyn 1",
				"execute at @s[scores={dialogo=10}] run execute at @a[tag=executando_chidori,c=1] run function damage/chidori",
				"execute at @s[scores={dialogo=20}] run execute at @a[tag=executando_chidori,c=1] run function damage/chidori",
				"execute at @s[scores={dialogo=30}] run execute at @a[tag=executando_chidori,c=1] run function damage/chidori",
				"execute at @s[scores={dialogo=40}] run execute at @a[tag=executando_chidori,c=1] run function damage/chidori",
				"execute at @s[scores={dialogo=50}] run execute at @a[tag=executando_chidori,c=1] run function damage/chidori",
				"execute at @s[scores={dialogo=60}] run execute at @a[tag=executando_chidori,c=1] run function damage/chidori",
				"execute at @s[scores={dialogo=70}] run execute at @a[tag=executando_chidori,c=1] run function damage/chidori",
				"execute at @s[scores={dialogo=80}] run execute at @a[tag=executando_chidori,c=1] run function damage/chidori",
				"execute at @s[scores={dialogo=90}] run execute at @a[tag=executando_chidori,c=1] run function damage/chidori",
				"execute at @s[scores={dialogo=100}] run execute at @a[tag=executando_chidori,c=1] run function damage/chidori",
				"execute at @s[scores={dialogo=120}] run execute at @a[tag=executando_chidori,c=1] run function damage/chidori",
				"execute at @s[scores={dialogo=120}] run execute at @a[tag=executando_chidori,c=1] run function damage/chidori",
				"execute at @s[scores={dialogo=120}] run execute at @a[tag=executando_chidori,c=1] run event entity @s 5d:sem_jutsu",
				"execute at @s[scores={dialogo=120}] run execute at @a[tag=executando_chidori,c=1] run tag @s remove executando_chidori",
				"execute at @s[scores={dialogo=120}] run kill @s"
			]
		  }
		}
	  }
	}
  }