{
	"format_version": "1.18.0",
	"minecraft:entity": {
	  "description": {
		"identifier": "5d:futon_reppushoo2",
		"is_spawnable": false,
		"is_summonable": true,
		"is_experimental": false
	  },
	  "component_groups": {},
	  "components": {
		"minecraft:type_family": {
		  "family": ["objeto"]
		},
		"minecraft:scale": {
			"value": 1
		  },
		  "minecraft:health": {
			  "value": 1000000,
			  "max": 1000000
			},
			
		"minecraft:knockback_resistance": {
		  "protection": 1000000
		},
		"minecraft:collision_box": {
		  "width": 0,
		  "height": 0
		},
		"minecraft:nameable": {},
		"minecraft:physics": {},
		"minecraft:pushable": {
		  "is_pushable": false,
		  "is_pushable_by_piston": false
		},
		"minecraft:timer": {
		  "looping": true,
		  "time": 0,
		  "time_down_event": {
			"event": "on:efeitos"
		  }
		}
	  },
	  "events": {
		"on:efeitos": {
		  "queue_command": {
			"command": [
				"scoreboard players add @s dialogo 1",
				"execute at @s[scores={dialogo=1}] run kill @e[type=5d:futon_reppushoo]",
				"execute at @s[scores={dialogo=1}] run execute at @a[tag=executando_futon_reppushoo,c=1] run playanimation @s animation.futon_reppushoo porkyn 1",
				"execute at @s[scores={dialogo=1}] run execute at @a[tag=executando_futon_reppushoo,c=1] run summon 5d:futon_reppushoo_empurrar ^^^1",
				"execute at @s[scores={dialogo=20}] run execute at @a[tag=executando_futon_reppushoo,c=1] run function damage/futon_reppushoo",
				"execute at @s[scores={dialogo=300}] run execute at @a[tag=executando_futon_reppushoo,c=1] run tag @s remove executando_futon_reppushoo",
				"execute at @s[scores={dialogo=300}] run kill @s"
			]
		  }
		}
	  }
	}
  }