{
	"format_version": "1.18.0",
	"minecraft:entity": {
	  "description": {
		"identifier": "5d:kage_bunshin_no_jutsu",
		"is_spawnable": false,
		"is_summonable": true,
		"is_experimental": false
	  },
	  "component_groups": {},
	  "components": {
		"minecraft:type_family": {
		  "family": ["objeto"]
		},
		"minecraft:scale": {
			"value": 1
		  },
		  "minecraft:health": {
			  "value": 1000000,
			  "max": 1000000
			},
			
		"minecraft:knockback_resistance": {
		  "protection": 1000000
		},
		"minecraft:collision_box": {
		  "width": 0,
		  "height": 0
		},
		"minecraft:nameable": {},
		"minecraft:physics": {},
		"minecraft:pushable": {
		  "is_pushable": false,
		  "is_pushable_by_piston": false
		},
		"minecraft:timer": {
		  "looping": true,
		  "time": 0,
		  "time_down_event": {
			"event": "on:efeitos"
		  }
		}
	  },
	  "events": {
		"on:efeitos": {
		  "queue_command": {
			"command": [
				"scoreboard players add @s dialogo 1",


				"execute at @s[scores={dialogo=100}] run playanimation @s[scores={status_handseals=1}] animation.selos_jutsu porkyn 0",
				"execute at @s[scores={dialogo=100}] run execute at @a[scores={status_handseals=1},tag=executando_ninjutsu,c=1] run function kage_bunshin_no_jutsu",
				"execute at @s[scores={dialogo=100}] run execute at @a[scores={status_handseals=1},tag=executando_ninjutsu,c=1] run tag @s remove executando_ninjutsu",
				
				"execute at @s[scores={dialogo=99}] run playanimation @s[scores={status_handseals=2}] animation.selos_jutsu porkyn 0",
				"execute at @s[scores={dialogo=99}] run execute at @a[scores={status_handseals=2},tag=executando_ninjutsu,c=1] run function kage_bunshin_no_jutsu",
				"execute at @s[scores={dialogo=99}] run execute at @a[scores={status_handseals=2},tag=executando_ninjutsu,c=1] run tag @s remove executando_ninjutsu",
				
				"execute at @s[scores={dialogo=98}] run playanimation @s[scores={status_handseals=3}] animation.selos_jutsu porkyn 0",
				"execute at @s[scores={dialogo=98}] run execute at @a[scores={status_handseals=3},tag=executando_ninjutsu,c=1] run function kage_bunshin_no_jutsu",
				"execute at @s[scores={dialogo=98}] run execute at @a[scores={status_handseals=3},tag=executando_ninjutsu,c=1] run tag @s remove executando_ninjutsu",
				
				"execute at @s[scores={dialogo=97}] run playanimation @s[scores={status_handseals=4}] animation.selos_jutsu porkyn 0",
				"execute at @s[scores={dialogo=97}] run execute at @a[scores={status_handseals=4},tag=executando_ninjutsu,c=1] run function kage_bunshin_no_jutsu",
				"execute at @s[scores={dialogo=97}] run execute at @a[scores={status_handseals=4},tag=executando_ninjutsu,c=1] run tag @s remove executando_ninjutsu",
				
				"execute at @s[scores={dialogo=96}] run playanimation @s[scores={status_handseals=5}] animation.selos_jutsu porkyn 0",
				"execute at @s[scores={dialogo=96}] run execute at @a[scores={status_handseals=5},tag=executando_ninjutsu,c=1] run function kage_bunshin_no_jutsu",
				"execute at @s[scores={dialogo=96}] run execute at @a[scores={status_handseals=5},tag=executando_ninjutsu,c=1] run tag @s remove executando_ninjutsu",
				
				"execute at @s[scores={dialogo=95}] run playanimation @s[scores={status_handseals=6}] animation.selos_jutsu porkyn 0",
				"execute at @s[scores={dialogo=95}] run execute at @a[scores={status_handseals=6},tag=executando_ninjutsu,c=1] run function kage_bunshin_no_jutsu",
				"execute at @s[scores={dialogo=95}] run execute at @a[scores={status_handseals=6},tag=executando_ninjutsu,c=1] run tag @s remove executando_ninjutsu",
				
				"execute at @s[scores={dialogo=94}] run playanimation @s[scores={status_handseals=7}] animation.selos_jutsu porkyn 0",
				"execute at @s[scores={dialogo=94}] run execute at @a[scores={status_handseals=7},tag=executando_ninjutsu,c=1] run function kage_bunshin_no_jutsu",
				"execute at @s[scores={dialogo=94}] run execute at @a[scores={status_handseals=7},tag=executando_ninjutsu,c=1] run tag @s remove executando_ninjutsu",
				
				"execute at @s[scores={dialogo=93}] run playanimation @s[scores={status_handseals=8}] animation.selos_jutsu porkyn 0",
				"execute at @s[scores={dialogo=93}] run execute at @a[scores={status_handseals=8},tag=executando_ninjutsu,c=1] run function kage_bunshin_no_jutsu",
				"execute at @s[scores={dialogo=93}] run execute at @a[scores={status_handseals=8},tag=executando_ninjutsu,c=1] run tag @s remove executando_ninjutsu",
				
				"execute at @s[scores={dialogo=92}] run playanimation @s[scores={status_handseals=9}] animation.selos_jutsu porkyn 0",
				"execute at @s[scores={dialogo=92}] run execute at @a[scores={status_handseals=9},tag=executando_ninjutsu,c=1] run function kage_bunshin_no_jutsu",
				"execute at @s[scores={dialogo=92}] run execute at @a[scores={status_handseals=9},tag=executando_ninjutsu,c=1] run tag @s remove executando_ninjutsu",
				
				"execute at @s[scores={dialogo=91}] run playanimation @s[scores={status_handseals=10}] animation.selos_jutsu porkyn 0",
				"execute at @s[scores={dialogo=91}] run execute at @a[scores={status_handseals=10},tag=executando_ninjutsu,c=1] run function kage_bunshin_no_jutsu",
				"execute at @s[scores={dialogo=91}] run execute at @a[scores={status_handseals=10},tag=executando_ninjutsu,c=1] run tag @s remove executando_ninjutsu",
				
				"execute at @s[scores={dialogo=90}] run playanimation @s[scores={status_handseals=11}] animation.selos_jutsu porkyn 0",
				"execute at @s[scores={dialogo=90}] run execute at @a[scores={status_handseals=11},tag=executando_ninjutsu,c=1] run function kage_bunshin_no_jutsu",
				"execute at @s[scores={dialogo=90}] run execute at @a[scores={status_handseals=11},tag=executando_ninjutsu,c=1] run tag @s remove executando_ninjutsu",
				
				"execute at @s[scores={dialogo=89}] run playanimation @s[scores={status_handseals=12}] animation.selos_jutsu porkyn 0",
				"execute at @s[scores={dialogo=89}] run execute at @a[scores={status_handseals=12},tag=executando_ninjutsu,c=1] run function kage_bunshin_no_jutsu",
				"execute at @s[scores={dialogo=89}] run execute at @a[scores={status_handseals=12},tag=executando_ninjutsu,c=1] run tag @s remove executando_ninjutsu",
				
				"execute at @s[scores={dialogo=88}] run playanimation @s[scores={status_handseals=13}] animation.selos_jutsu porkyn 0",
				"execute at @s[scores={dialogo=88}] run execute at @a[scores={status_handseals=13},tag=executando_ninjutsu,c=1] run function kage_bunshin_no_jutsu",
				"execute at @s[scores={dialogo=88}] run execute at @a[scores={status_handseals=13},tag=executando_ninjutsu,c=1] run tag @s remove executando_ninjutsu",
				
				"execute at @s[scores={dialogo=87}] run playanimation @s[scores={status_handseals=14}] animation.selos_jutsu porkyn 0",
				"execute at @s[scores={dialogo=87}] run execute at @a[scores={status_handseals=14},tag=executando_ninjutsu,c=1] run function kage_bunshin_no_jutsu",
				"execute at @s[scores={dialogo=87}] run execute at @a[scores={status_handseals=14},tag=executando_ninjutsu,c=1] run tag @s remove executando_ninjutsu",
				
				"execute at @s[scores={dialogo=86}] run playanimation @s[scores={status_handseals=15}] animation.selos_jutsu porkyn 0",
				"execute at @s[scores={dialogo=86}] run execute at @a[scores={status_handseals=15},tag=executando_ninjutsu,c=1] run function kage_bunshin_no_jutsu",
				"execute at @s[scores={dialogo=86}] run execute at @a[scores={status_handseals=15},tag=executando_ninjutsu,c=1] run tag @s remove executando_ninjutsu",
				
				"execute at @s[scores={dialogo=85}] run playanimation @s[scores={status_handseals=16}] animation.selos_jutsu porkyn 0",
				"execute at @s[scores={dialogo=85}] run execute at @a[scores={status_handseals=16},tag=executando_ninjutsu,c=1] run function kage_bunshin_no_jutsu",
				"execute at @s[scores={dialogo=85}] run execute at @a[scores={status_handseals=16},tag=executando_ninjutsu,c=1] run tag @s remove executando_ninjutsu",
				
				"execute at @s[scores={dialogo=84}] run playanimation @s[scores={status_handseals=17}] animation.selos_jutsu porkyn 0",
				"execute at @s[scores={dialogo=84}] run execute at @a[scores={status_handseals=17},tag=executando_ninjutsu,c=1] run function kage_bunshin_no_jutsu",
				"execute at @s[scores={dialogo=84}] run execute at @a[scores={status_handseals=17},tag=executando_ninjutsu,c=1] run tag @s remove executando_ninjutsu",
				
				"execute at @s[scores={dialogo=83}] run playanimation @s[scores={status_handseals=18}] animation.selos_jutsu porkyn 0",
				"execute at @s[scores={dialogo=83}] run execute at @a[scores={status_handseals=18},tag=executando_ninjutsu,c=1] run function kage_bunshin_no_jutsu",
				"execute at @s[scores={dialogo=83}] run execute at @a[scores={status_handseals=18},tag=executando_ninjutsu,c=1] run tag @s remove executando_ninjutsu",
				
				"execute at @s[scores={dialogo=82}] run playanimation @s[scores={status_handseals=19}] animation.selos_jutsu porkyn 0",
				"execute at @s[scores={dialogo=82}] run execute at @a[scores={status_handseals=19},tag=executando_ninjutsu,c=1] run function kage_bunshin_no_jutsu",
				"execute at @s[scores={dialogo=82}] run execute at @a[scores={status_handseals=19},tag=executando_ninjutsu,c=1] run tag @s remove executando_ninjutsu",
				
				"execute at @s[scores={dialogo=81}] run playanimation @s[scores={status_handseals=20}] animation.selos_jutsu porkyn 0",
				"execute at @s[scores={dialogo=81}] run execute at @a[scores={status_handseals=20},tag=executando_ninjutsu,c=1] run function kage_bunshin_no_jutsu",
				"execute at @s[scores={dialogo=81}] run execute at @a[scores={status_handseals=20},tag=executando_ninjutsu,c=1] run tag @s remove executando_ninjutsu",
				
				"execute at @s[scores={dialogo=80}] run playanimation @s[scores={status_handseals=21}] animation.selos_jutsu porkyn 0",
				"execute at @s[scores={dialogo=80}] run execute at @a[scores={status_handseals=21},tag=executando_ninjutsu,c=1] run function kage_bunshin_no_jutsu",
				"execute at @s[scores={dialogo=80}] run execute at @a[scores={status_handseals=21},tag=executando_ninjutsu,c=1] run tag @s remove executando_ninjutsu",
				
				"execute at @s[scores={dialogo=79}] run playanimation @s[scores={status_handseals=22}] animation.selos_jutsu porkyn 0",
				"execute at @s[scores={dialogo=79}] run execute at @a[scores={status_handseals=22},tag=executando_ninjutsu,c=1] run function kage_bunshin_no_jutsu",
				"execute at @s[scores={dialogo=79}] run execute at @a[scores={status_handseals=22},tag=executando_ninjutsu,c=1] run tag @s remove executando_ninjutsu",
				
				"execute at @s[scores={dialogo=78}] run playanimation @s[scores={status_handseals=23}] animation.selos_jutsu porkyn 0",
				"execute at @s[scores={dialogo=78}] run execute at @a[scores={status_handseals=23},tag=executando_ninjutsu,c=1] run function kage_bunshin_no_jutsu",
				"execute at @s[scores={dialogo=78}] run execute at @a[scores={status_handseals=23},tag=executando_ninjutsu,c=1] run tag @s remove executando_ninjutsu",
				
				"execute at @s[scores={dialogo=77}] run playanimation @s[scores={status_handseals=24}] animation.selos_jutsu porkyn 0",
				"execute at @s[scores={dialogo=77}] run execute at @a[scores={status_handseals=24},tag=executando_ninjutsu,c=1] run function kage_bunshin_no_jutsu",
				"execute at @s[scores={dialogo=77}] run execute at @a[scores={status_handseals=24},tag=executando_ninjutsu,c=1] run tag @s remove executando_ninjutsu",
				
				"execute at @s[scores={dialogo=76}] run playanimation @s[scores={status_handseals=25}] animation.selos_jutsu porkyn 0",
				"execute at @s[scores={dialogo=76}] run execute at @a[scores={status_handseals=25},tag=executando_ninjutsu,c=1] run function kage_bunshin_no_jutsu",
				"execute at @s[scores={dialogo=76}] run execute at @a[scores={status_handseals=25},tag=executando_ninjutsu,c=1] run tag @s remove executando_ninjutsu",
				
				"execute at @s[scores={dialogo=75}] run playanimation @s[scores={status_handseals=26}] animation.selos_jutsu porkyn 0",
				"execute at @s[scores={dialogo=75}] run execute at @a[scores={status_handseals=26},tag=executando_ninjutsu,c=1] run function kage_bunshin_no_jutsu",
				"execute at @s[scores={dialogo=75}] run execute at @a[scores={status_handseals=26},tag=executando_ninjutsu,c=1] run tag @s remove executando_ninjutsu",
				
				"execute at @s[scores={dialogo=74}] run playanimation @s[scores={status_handseals=27}] animation.selos_jutsu porkyn 0",
				"execute at @s[scores={dialogo=74}] run execute at @a[scores={status_handseals=27},tag=executando_ninjutsu,c=1] run function kage_bunshin_no_jutsu",
				"execute at @s[scores={dialogo=74}] run execute at @a[scores={status_handseals=27},tag=executando_ninjutsu,c=1] run tag @s remove executando_ninjutsu",
				
				"execute at @s[scores={dialogo=73}] run playanimation @s[scores={status_handseals=28}] animation.selos_jutsu porkyn 0",
				"execute at @s[scores={dialogo=73}] run execute at @a[scores={status_handseals=28},tag=executando_ninjutsu,c=1] run function kage_bunshin_no_jutsu",
				"execute at @s[scores={dialogo=73}] run execute at @a[scores={status_handseals=28},tag=executando_ninjutsu,c=1] run tag @s remove executando_ninjutsu",
				
				"execute at @s[scores={dialogo=72}] run playanimation @s[scores={status_handseals=29}] animation.selos_jutsu porkyn 0",
				"execute at @s[scores={dialogo=72}] run execute at @a[scores={status_handseals=29},tag=executando_ninjutsu,c=1] run function kage_bunshin_no_jutsu",
				"execute at @s[scores={dialogo=72}] run execute at @a[scores={status_handseals=29},tag=executando_ninjutsu,c=1] run tag @s remove executando_ninjutsu",
				
				"execute at @s[scores={dialogo=71}] run playanimation @s[scores={status_handseals=30}] animation.selos_jutsu porkyn 0",
				"execute at @s[scores={dialogo=71}] run execute at @a[scores={status_handseals=30},tag=executando_ninjutsu,c=1] run function kage_bunshin_no_jutsu",
				"execute at @s[scores={dialogo=71}] run execute at @a[scores={status_handseals=30},tag=executando_ninjutsu,c=1] run tag @s remove executando_ninjutsu",
				
				"execute at @s[scores={dialogo=70}] run playanimation @s[scores={status_handseals=31}] animation.selos_jutsu porkyn 0",
				"execute at @s[scores={dialogo=70}] run execute at @a[scores={status_handseals=31},tag=executando_ninjutsu,c=1] run function kage_bunshin_no_jutsu",
				"execute at @s[scores={dialogo=70}] run execute at @a[scores={status_handseals=31},tag=executando_ninjutsu,c=1] run tag @s remove executando_ninjutsu",
				
				"execute at @s[scores={dialogo=69}] run playanimation @s[scores={status_handseals=32}] animation.selos_jutsu porkyn 0",
				"execute at @s[scores={dialogo=69}] run execute at @a[scores={status_handseals=32},tag=executando_ninjutsu,c=1] run function kage_bunshin_no_jutsu",
				"execute at @s[scores={dialogo=69}] run execute at @a[scores={status_handseals=32},tag=executando_ninjutsu,c=1] run tag @s remove executando_ninjutsu",
				
				"execute at @s[scores={dialogo=68}] run playanimation @s[scores={status_handseals=33}] animation.selos_jutsu porkyn 0",
				"execute at @s[scores={dialogo=68}] run execute at @a[scores={status_handseals=33},tag=executando_ninjutsu,c=1] run function kage_bunshin_no_jutsu",
				"execute at @s[scores={dialogo=68}] run execute at @a[scores={status_handseals=33},tag=executando_ninjutsu,c=1] run tag @s remove executando_ninjutsu",
				
				"execute at @s[scores={dialogo=67}] run playanimation @s[scores={status_handseals=34}] animation.selos_jutsu porkyn 0",
				"execute at @s[scores={dialogo=67}] run execute at @a[scores={status_handseals=34},tag=executando_ninjutsu,c=1] run function kage_bunshin_no_jutsu",
				"execute at @s[scores={dialogo=67}] run execute at @a[scores={status_handseals=34},tag=executando_ninjutsu,c=1] run tag @s remove executando_ninjutsu",
				
				"execute at @s[scores={dialogo=66}] run playanimation @s[scores={status_handseals=35}] animation.selos_jutsu porkyn 0",
				"execute at @s[scores={dialogo=66}] run execute at @a[scores={status_handseals=35},tag=executando_ninjutsu,c=1] run function kage_bunshin_no_jutsu",
				"execute at @s[scores={dialogo=66}] run execute at @a[scores={status_handseals=35},tag=executando_ninjutsu,c=1] run tag @s remove executando_ninjutsu",
				
				"execute at @s[scores={dialogo=65}] run playanimation @s[scores={status_handseals=36}] animation.selos_jutsu porkyn 0",
				"execute at @s[scores={dialogo=65}] run execute at @a[scores={status_handseals=36},tag=executando_ninjutsu,c=1] run function kage_bunshin_no_jutsu",
				"execute at @s[scores={dialogo=65}] run execute at @a[scores={status_handseals=36},tag=executando_ninjutsu,c=1] run tag @s remove executando_ninjutsu",
				
				"execute at @s[scores={dialogo=64}] run playanimation @s[scores={status_handseals=37}] animation.selos_jutsu porkyn 0",
				"execute at @s[scores={dialogo=64}] run execute at @a[scores={status_handseals=37},tag=executando_ninjutsu,c=1] run function kage_bunshin_no_jutsu",
				"execute at @s[scores={dialogo=64}] run execute at @a[scores={status_handseals=37},tag=executando_ninjutsu,c=1] run tag @s remove executando_ninjutsu",
				
				"execute at @s[scores={dialogo=63}] run playanimation @s[scores={status_handseals=38}] animation.selos_jutsu porkyn 0",
				"execute at @s[scores={dialogo=63}] run execute at @a[scores={status_handseals=38},tag=executando_ninjutsu,c=1] run function kage_bunshin_no_jutsu",
				"execute at @s[scores={dialogo=63}] run execute at @a[scores={status_handseals=38},tag=executando_ninjutsu,c=1] run tag @s remove executando_ninjutsu",
				
				"execute at @s[scores={dialogo=62}] run playanimation @s[scores={status_handseals=39}] animation.selos_jutsu porkyn 0",
				"execute at @s[scores={dialogo=62}] run execute at @a[scores={status_handseals=39},tag=executando_ninjutsu,c=1] run function kage_bunshin_no_jutsu",
				"execute at @s[scores={dialogo=62}] run execute at @a[scores={status_handseals=39},tag=executando_ninjutsu,c=1] run tag @s remove executando_ninjutsu",
				
				"execute at @s[scores={dialogo=61}] run playanimation @s[scores={status_handseals=40}] animation.selos_jutsu porkyn 0",
				"execute at @s[scores={dialogo=61}] run execute at @a[scores={status_handseals=40},tag=executando_ninjutsu,c=1] run function kage_bunshin_no_jutsu",
				"execute at @s[scores={dialogo=61}] run execute at @a[scores={status_handseals=40},tag=executando_ninjutsu,c=1] run tag @s remove executando_ninjutsu",
				
				"execute at @s[scores={dialogo=60}] run playanimation @s[scores={status_handseals=41}] animation.selos_jutsu porkyn 0",
				"execute at @s[scores={dialogo=60}] run execute at @a[scores={status_handseals=41},tag=executando_ninjutsu,c=1] run function kage_bunshin_no_jutsu",
				"execute at @s[scores={dialogo=60}] run execute at @a[scores={status_handseals=41},tag=executando_ninjutsu,c=1] run tag @s remove executando_ninjutsu",
				
				"execute at @s[scores={dialogo=59}] run playanimation @s[scores={status_handseals=42}] animation.selos_jutsu porkyn 0",
				"execute at @s[scores={dialogo=59}] run execute at @a[scores={status_handseals=42},tag=executando_ninjutsu,c=1] run function kage_bunshin_no_jutsu",
				"execute at @s[scores={dialogo=59}] run execute at @a[scores={status_handseals=42},tag=executando_ninjutsu,c=1] run tag @s remove executando_ninjutsu",
				
				"execute at @s[scores={dialogo=58}] run playanimation @s[scores={status_handseals=43}] animation.selos_jutsu porkyn 0",
				"execute at @s[scores={dialogo=58}] run execute at @a[scores={status_handseals=43},tag=executando_ninjutsu,c=1] run function kage_bunshin_no_jutsu",
				"execute at @s[scores={dialogo=58}] run execute at @a[scores={status_handseals=43},tag=executando_ninjutsu,c=1] run tag @s remove executando_ninjutsu",
				
				"execute at @s[scores={dialogo=57}] run playanimation @s[scores={status_handseals=44}] animation.selos_jutsu porkyn 0",
				"execute at @s[scores={dialogo=57}] run execute at @a[scores={status_handseals=44},tag=executando_ninjutsu,c=1] run function kage_bunshin_no_jutsu",
				"execute at @s[scores={dialogo=57}] run execute at @a[scores={status_handseals=44},tag=executando_ninjutsu,c=1] run tag @s remove executando_ninjutsu",
				
				"execute at @s[scores={dialogo=56}] run playanimation @s[scores={status_handseals=45}] animation.selos_jutsu porkyn 0",
				"execute at @s[scores={dialogo=56}] run execute at @a[scores={status_handseals=45},tag=executando_ninjutsu,c=1] run function kage_bunshin_no_jutsu",
				"execute at @s[scores={dialogo=56}] run execute at @a[scores={status_handseals=45},tag=executando_ninjutsu,c=1] run tag @s remove executando_ninjutsu",
				
				"execute at @s[scores={dialogo=55}] run playanimation @s[scores={status_handseals=46}] animation.selos_jutsu porkyn 0",
				"execute at @s[scores={dialogo=55}] run execute at @a[scores={status_handseals=46},tag=executando_ninjutsu,c=1] run function kage_bunshin_no_jutsu",
				"execute at @s[scores={dialogo=55}] run execute at @a[scores={status_handseals=46},tag=executando_ninjutsu,c=1] run tag @s remove executando_ninjutsu",
				
				"execute at @s[scores={dialogo=54}] run playanimation @s[scores={status_handseals=47}] animation.selos_jutsu porkyn 0",
				"execute at @s[scores={dialogo=54}] run execute at @a[scores={status_handseals=47},tag=executando_ninjutsu,c=1] run function kage_bunshin_no_jutsu",
				"execute at @s[scores={dialogo=54}] run execute at @a[scores={status_handseals=47},tag=executando_ninjutsu,c=1] run tag @s remove executando_ninjutsu",
				
				"execute at @s[scores={dialogo=53}] run playanimation @s[scores={status_handseals=48}] animation.selos_jutsu porkyn 0",
				"execute at @s[scores={dialogo=53}] run execute at @a[scores={status_handseals=48},tag=executando_ninjutsu,c=1] run function kage_bunshin_no_jutsu",
				"execute at @s[scores={dialogo=53}] run execute at @a[scores={status_handseals=48},tag=executando_ninjutsu,c=1] run tag @s remove executando_ninjutsu",
				
				"execute at @s[scores={dialogo=52}] run playanimation @s[scores={status_handseals=49}] animation.selos_jutsu porkyn 0",
				"execute at @s[scores={dialogo=52}] run execute at @a[scores={status_handseals=49},tag=executando_ninjutsu,c=1] run function kage_bunshin_no_jutsu",
				"execute at @s[scores={dialogo=52}] run execute at @a[scores={status_handseals=49},tag=executando_ninjutsu,c=1] run tag @s remove executando_ninjutsu",
				
				"execute at @s[scores={dialogo=51}] run playanimation @s[scores={status_handseals=50}] animation.selos_jutsu porkyn 0",
				"execute at @s[scores={dialogo=51}] run execute at @a[scores={status_handseals=50},tag=executando_ninjutsu,c=1] run function kage_bunshin_no_jutsu",
				"execute at @s[scores={dialogo=51}] run execute at @a[scores={status_handseals=50},tag=executando_ninjutsu,c=1] run tag @s remove executando_ninjutsu",
				
				"execute at @s[scores={dialogo=50}] run playanimation @s[scores={status_handseals=51}] animation.selos_jutsu porkyn 0",
				"execute at @s[scores={dialogo=50}] run execute at @a[scores={status_handseals=51},tag=executando_ninjutsu,c=1] run function kage_bunshin_no_jutsu",
				"execute at @s[scores={dialogo=50}] run execute at @a[scores={status_handseals=51},tag=executando_ninjutsu,c=1] run tag @s remove executando_ninjutsu",

				"execute at @s[scores={dialogo=51}] run playanimation @s[scores={status_handseals=50}] animation.selos_jutsu porkyn 0",
				"execute at @s[scores={dialogo=51}] run execute at @a[scores={status_handseals=50},tag=executando_ninjutsu,c=1] run function kage_bunshin_no_jutsu",
				"execute at @s[scores={dialogo=51}] run execute at @a[scores={status_handseals=50},tag=executando_ninjutsu,c=1] run tag @s remove executando_ninjutsu",			

				"execute at @s[scores={dialogo=52}] run playanimation @s[scores={status_handseals=49}] animation.selos_jutsu porkyn 0",
"execute at @s[scores={dialogo=52}] run execute at @a[scores={status_handseals=49},tag=executando_ninjutsu,c=1] run function kage_bunshin_no_jutsu",
"execute at @s[scores={dialogo=52}] run execute at @a[scores={status_handseals=49},tag=executando_ninjutsu,c=1] run tag @s remove executando_ninjutsu",

"execute at @s[scores={dialogo=51}] run playanimation @s[scores={status_handseals=50}] animation.selos_jutsu porkyn 0",
"execute at @s[scores={dialogo=51}] run execute at @a[scores={status_handseals=50},tag=executando_ninjutsu,c=1] run function kage_bunshin_no_jutsu",
"execute at @s[scores={dialogo=51}] run execute at @a[scores={status_handseals=50},tag=executando_ninjutsu,c=1] run tag @s remove executando_ninjutsu",

"execute at @s[scores={dialogo=50}] run playanimation @s[scores={status_handseals=51}] animation.selos_jutsu porkyn 0",
"execute at @s[scores={dialogo=50}] run execute at @a[scores={status_handseals=51},tag=executando_ninjutsu,c=1] run function kage_bunshin_no_jutsu",
"execute at @s[scores={dialogo=50}] run execute at @a[scores={status_handseals=51},tag=executando_ninjutsu,c=1] run tag @s remove executando_ninjutsu",

"execute at @s[scores={dialogo=49}] run playanimation @s[scores={status_handseals=52}] animation.selos_jutsu porkyn 0",
"execute at @s[scores={dialogo=49}] run execute at @a[scores={status_handseals=52},tag=executando_ninjutsu,c=1] run function kage_bunshin_no_jutsu",
"execute at @s[scores={dialogo=49}] run execute at @a[scores={status_handseals=52},tag=executando_ninjutsu,c=1] run tag @s remove executando_ninjutsu",

"execute at @s[scores={dialogo=48}] run playanimation @s[scores={status_handseals=53}] animation.selos_jutsu porkyn 0",
"execute at @s[scores={dialogo=48}] run execute at @a[scores={status_handseals=53},tag=executando_ninjutsu,c=1] run function kage_bunshin_no_jutsu",
"execute at @s[scores={dialogo=48}] run execute at @a[scores={status_handseals=53},tag=executando_ninjutsu,c=1] run tag @s remove executando_ninjutsu",

"execute at @s[scores={dialogo=47}] run playanimation @s[scores={status_handseals=54}] animation.selos_jutsu porkyn 0",
"execute at @s[scores={dialogo=47}] run execute at @a[scores={status_handseals=54},tag=executando_ninjutsu,c=1] run function kage_bunshin_no_jutsu",
"execute at @s[scores={dialogo=47}] run execute at @a[scores={status_handseals=54},tag=executando_ninjutsu,c=1] run tag @s remove executando_ninjutsu",

"execute at @s[scores={dialogo=46}] run playanimation @s[scores={status_handseals=55}] animation.selos_jutsu porkyn 0",
"execute at @s[scores={dialogo=46}] run execute at @a[scores={status_handseals=55},tag=executando_ninjutsu,c=1] run function kage_bunshin_no_jutsu",
"execute at @s[scores={dialogo=46}] run execute at @a[scores={status_handseals=55},tag=executando_ninjutsu,c=1] run tag @s remove executando_ninjutsu",

"execute at @s[scores={dialogo=45}] run playanimation @s[scores={status_handseals=56}] animation.selos_jutsu porkyn 0",
"execute at @s[scores={dialogo=45}] run execute at @a[scores={status_handseals=56},tag=executando_ninjutsu,c=1] run function kage_bunshin_no_jutsu",
"execute at @s[scores={dialogo=45}] run execute at @a[scores={status_handseals=56},tag=executando_ninjutsu,c=1] run tag @s remove executando_ninjutsu",

"execute at @s[scores={dialogo=44}] run playanimation @s[scores={status_handseals=57}] animation.selos_jutsu porkyn 0",
"execute at @s[scores={dialogo=44}] run execute at @a[scores={status_handseals=57},tag=executando_ninjutsu,c=1] run function kage_bunshin_no_jutsu",
"execute at @s[scores={dialogo=44}] run execute at @a[scores={status_handseals=57},tag=executando_ninjutsu,c=1] run tag @s remove executando_ninjutsu",

"execute at @s[scores={dialogo=43}] run playanimation @s[scores={status_handseals=58}] animation.selos_jutsu porkyn 0",
"execute at @s[scores={dialogo=43}] run execute at @a[scores={status_handseals=58},tag=executando_ninjutsu,c=1] run function kage_bunshin_no_jutsu",
"execute at @s[scores={dialogo=43}] run execute at @a[scores={status_handseals=58},tag=executando_ninjutsu,c=1] run tag @s remove executando_ninjutsu",

"execute at @s[scores={dialogo=42}] run playanimation @s[scores={status_handseals=59}] animation.selos_jutsu porkyn 0",
"execute at @s[scores={dialogo=42}] run execute at @a[scores={status_handseals=59},tag=executando_ninjutsu,c=1] run function kage_bunshin_no_jutsu",
"execute at @s[scores={dialogo=42}] run execute at @a[scores={status_handseals=59},tag=executando_ninjutsu,c=1] run tag @s remove executando_ninjutsu",

"execute at @s[scores={dialogo=41}] run playanimation @s[scores={status_handseals=60}] animation.selos_jutsu porkyn 0",
"execute at @s[scores={dialogo=41}] run execute at @a[scores={status_handseals=60},tag=executando_ninjutsu,c=1] run function kage_bunshin_no_jutsu",
"execute at @s[scores={dialogo=41}] run execute at @a[scores={status_handseals=60},tag=executando_ninjutsu,c=1] run tag @s remove executando_ninjutsu",

"execute at @s[scores={dialogo=40}] run playanimation @s[scores={status_handseals=61}] animation.selos_jutsu porkyn 0",
"execute at @s[scores={dialogo=40}] run execute at @a[scores={status_handseals=61},tag=executando_ninjutsu,c=1] run function kage_bunshin_no_jutsu",
"execute at @s[scores={dialogo=40}] run execute at @a[scores={status_handseals=61},tag=executando_ninjutsu,c=1] run tag @s remove executando_ninjutsu",

"execute at @s[scores={dialogo=39}] run playanimation @s[scores={status_handseals=62}] animation.selos_jutsu porkyn 0",
"execute at @s[scores={dialogo=39}] run execute at @a[scores={status_handseals=62},tag=executando_ninjutsu,c=1] run function kage_bunshin_no_jutsu",
"execute at @s[scores={dialogo=39}] run execute at @a[scores={status_handseals=62},tag=executando_ninjutsu,c=1] run tag @s remove executando_ninjutsu",

"execute at @s[scores={dialogo=38}] run playanimation @s[scores={status_handseals=63}] animation.selos_jutsu porkyn 0",
"execute at @s[scores={dialogo=38}] run execute at @a[scores={status_handseals=63},tag=executando_ninjutsu,c=1] run function kage_bunshin_no_jutsu",
"execute at @s[scores={dialogo=38}] run execute at @a[scores={status_handseals=63},tag=executando_ninjutsu,c=1] run tag @s remove executando_ninjutsu",

"execute at @s[scores={dialogo=37}] run playanimation @s[scores={status_handseals=64}] animation.selos_jutsu porkyn 0",
"execute at @s[scores={dialogo=37}] run execute at @a[scores={status_handseals=64},tag=executando_ninjutsu,c=1] run function kage_bunshin_no_jutsu",
"execute at @s[scores={dialogo=37}] run execute at @a[scores={status_handseals=64},tag=executando_ninjutsu,c=1] run tag @s remove executando_ninjutsu",

"execute at @s[scores={dialogo=36}] run playanimation @s[scores={status_handseals=65}] animation.selos_jutsu porkyn 0",
"execute at @s[scores={dialogo=36}] run execute at @a[scores={status_handseals=65},tag=executando_ninjutsu,c=1] run function kage_bunshin_no_jutsu",
"execute at @s[scores={dialogo=36}] run execute at @a[scores={status_handseals=65},tag=executando_ninjutsu,c=1] run tag @s remove executando_ninjutsu",

"execute at @s[scores={dialogo=35}] run playanimation @s[scores={status_handseals=66}] animation.selos_jutsu porkyn 0",
"execute at @s[scores={dialogo=35}] run execute at @a[scores={status_handseals=66},tag=executando_ninjutsu,c=1] run function kage_bunshin_no_jutsu",
"execute at @s[scores={dialogo=35}] run execute at @a[scores={status_handseals=66},tag=executando_ninjutsu,c=1] run tag @s remove executando_ninjutsu",

"execute at @s[scores={dialogo=34}] run playanimation @s[scores={status_handseals=67}] animation.selos_jutsu porkyn 0",
"execute at @s[scores={dialogo=34}] run execute at @a[scores={status_handseals=67},tag=executando_ninjutsu,c=1] run function kage_bunshin_no_jutsu",
"execute at @s[scores={dialogo=34}] run execute at @a[scores={status_handseals=67},tag=executando_ninjutsu,c=1] run tag @s remove executando_ninjutsu",

"execute at @s[scores={dialogo=33}] run playanimation @s[scores={status_handseals=68}] animation.selos_jutsu porkyn 0",
"execute at @s[scores={dialogo=33}] run execute at @a[scores={status_handseals=68},tag=executando_ninjutsu,c=1] run function kage_bunshin_no_jutsu",
"execute at @s[scores={dialogo=33}] run execute at @a[scores={status_handseals=68},tag=executando_ninjutsu,c=1] run tag @s remove executando_ninjutsu",

"execute at @s[scores={dialogo=32}] run playanimation @s[scores={status_handseals=69}] animation.selos_jutsu porkyn 0",
"execute at @s[scores={dialogo=32}] run execute at @a[scores={status_handseals=69},tag=executando_ninjutsu,c=1] run function kage_bunshin_no_jutsu",
"execute at @s[scores={dialogo=32}] run execute at @a[scores={status_handseals=69},tag=executando_ninjutsu,c=1] run tag @s remove executando_ninjutsu",

"execute at @s[scores={dialogo=31}] run playanimation @s[scores={status_handseals=70}] animation.selos_jutsu porkyn 0",
"execute at @s[scores={dialogo=31}] run execute at @a[scores={status_handseals=70},tag=executando_ninjutsu,c=1] run function kage_bunshin_no_jutsu",
"execute at @s[scores={dialogo=31}] run execute at @a[scores={status_handseals=70},tag=executando_ninjutsu,c=1] run tag @s remove executando_ninjutsu",

"execute at @s[scores={dialogo=30}] run playanimation @s[scores={status_handseals=71}] animation.selos_jutsu porkyn 0",
"execute at @s[scores={dialogo=30}] run execute at @a[scores={status_handseals=71},tag=executando_ninjutsu,c=1] run function kage_bunshin_no_jutsu",
"execute at @s[scores={dialogo=30}] run execute at @a[scores={status_handseals=71},tag=executando_ninjutsu,c=1] run tag @s remove executando_ninjutsu",

"execute at @s[scores={dialogo=29}] run playanimation @s[scores={status_handseals=72}] animation.selos_jutsu porkyn 0",
"execute at @s[scores={dialogo=29}] run execute at @a[scores={status_handseals=72},tag=executando_ninjutsu,c=1] run function kage_bunshin_no_jutsu",
"execute at @s[scores={dialogo=29}] run execute at @a[scores={status_handseals=72},tag=executando_ninjutsu,c=1] run tag @s remove executando_ninjutsu",

"execute at @s[scores={dialogo=28}] run playanimation @s[scores={status_handseals=73}] animation.selos_jutsu porkyn 0",
"execute at @s[scores={dialogo=28}] run execute at @a[scores={status_handseals=73},tag=executando_ninjutsu,c=1] run function kage_bunshin_no_jutsu",
"execute at @s[scores={dialogo=28}] run execute at @a[scores={status_handseals=73},tag=executando_ninjutsu,c=1] run tag @s remove executando_ninjutsu",

"execute at @s[scores={dialogo=27}] run playanimation @s[scores={status_handseals=74}] animation.selos_jutsu porkyn 0",
"execute at @s[scores={dialogo=27}] run execute at @a[scores={status_handseals=74},tag=executando_ninjutsu,c=1] run function kage_bunshin_no_jutsu",
"execute at @s[scores={dialogo=27}] run execute at @a[scores={status_handseals=74},tag=executando_ninjutsu,c=1] run tag @s remove executando_ninjutsu",

"execute at @s[scores={dialogo=26}] run playanimation @s[scores={status_handseals=75}] animation.selos_jutsu porkyn 0",
"execute at @s[scores={dialogo=26}] run execute at @a[scores={status_handseals=75},tag=executando_ninjutsu,c=1] run function kage_bunshin_no_jutsu",
"execute at @s[scores={dialogo=26}] run execute at @a[scores={status_handseals=75},tag=executando_ninjutsu,c=1] run tag @s remove executando_ninjutsu",

"execute at @s[scores={dialogo=25}] run playanimation @s[scores={status_handseals=76}] animation.selos_jutsu porkyn 0",
"execute at @s[scores={dialogo=25}] run execute at @a[scores={status_handseals=76},tag=executando_ninjutsu,c=1] run function kage_bunshin_no_jutsu",
"execute at @s[scores={dialogo=25}] run execute at @a[scores={status_handseals=76},tag=executando_ninjutsu,c=1] run tag @s remove executando_ninjutsu",

"execute at @s[scores={dialogo=24}] run playanimation @s[scores={status_handseals=77}] animation.selos_jutsu porkyn 0",
"execute at @s[scores={dialogo=24}] run execute at @a[scores={status_handseals=77},tag=executando_ninjutsu,c=1] run function kage_bunshin_no_jutsu",
"execute at @s[scores={dialogo=24}] run execute at @a[scores={status_handseals=77},tag=executando_ninjutsu,c=1] run tag @s remove executando_ninjutsu",

"execute at @s[scores={dialogo=23}] run playanimation @s[scores={status_handseals=78}] animation.selos_jutsu porkyn 0",
"execute at @s[scores={dialogo=23}] run execute at @a[scores={status_handseals=78},tag=executando_ninjutsu,c=1] run function kage_bunshin_no_jutsu",
"execute at @s[scores={dialogo=23}] run execute at @a[scores={status_handseals=78},tag=executando_ninjutsu,c=1] run tag @s remove executando_ninjutsu",

"execute at @s[scores={dialogo=22}] run playanimation @s[scores={status_handseals=79}] animation.selos_jutsu porkyn 0",
"execute at @s[scores={dialogo=22}] run execute at @a[scores={status_handseals=79},tag=executando_ninjutsu,c=1] run function kage_bunshin_no_jutsu",
"execute at @s[scores={dialogo=22}] run execute at @a[scores={status_handseals=79},tag=executando_ninjutsu,c=1] run tag @s remove executando_ninjutsu",

"execute at @s[scores={dialogo=21}] run playanimation @s[scores={status_handseals=80}] animation.selos_jutsu porkyn 0",
"execute at @s[scores={dialogo=21}] run execute at @a[scores={status_handseals=80},tag=executando_ninjutsu,c=1] run function kage_bunshin_no_jutsu",
"execute at @s[scores={dialogo=21}] run execute at @a[scores={status_handseals=80},tag=executando_ninjutsu,c=1] run tag @s remove executando_ninjutsu",

"execute at @s[scores={dialogo=20}] run playanimation @s[scores={status_handseals=81}] animation.selos_jutsu porkyn 0",
"execute at @s[scores={dialogo=20}] run execute at @a[scores={status_handseals=81},tag=executando_ninjutsu,c=1] run function kage_bunshin_no_jutsu",
"execute at @s[scores={dialogo=20}] run execute at @a[scores={status_handseals=81},tag=executando_ninjutsu,c=1] run tag @s remove executando_ninjutsu",

"execute at @s[scores={dialogo=19}] run playanimation @s[scores={status_handseals=82}] animation.selos_jutsu porkyn 0",
"execute at @s[scores={dialogo=19}] run execute at @a[scores={status_handseals=82},tag=executando_ninjutsu,c=1] run function kage_bunshin_no_jutsu",
"execute at @s[scores={dialogo=19}] run execute at @a[scores={status_handseals=82},tag=executando_ninjutsu,c=1] run tag @s remove executando_ninjutsu",

"execute at @s[scores={dialogo=18}] run playanimation @s[scores={status_handseals=83}] animation.selos_jutsu porkyn 0",
"execute at @s[scores={dialogo=18}] run execute at @a[scores={status_handseals=83},tag=executando_ninjutsu,c=1] run function kage_bunshin_no_jutsu",
"execute at @s[scores={dialogo=18}] run execute at @a[scores={status_handseals=83},tag=executando_ninjutsu,c=1] run tag @s remove executando_ninjutsu",

"execute at @s[scores={dialogo=17}] run playanimation @s[scores={status_handseals=84}] animation.selos_jutsu porkyn 0",
"execute at @s[scores={dialogo=17}] run execute at @a[scores={status_handseals=84},tag=executando_ninjutsu,c=1] run function kage_bunshin_no_jutsu",
"execute at @s[scores={dialogo=17}] run execute at @a[scores={status_handseals=84},tag=executando_ninjutsu,c=1] run tag @s remove executando_ninjutsu",

"execute at @s[scores={dialogo=16}] run playanimation @s[scores={status_handseals=85}] animation.selos_jutsu porkyn 0",
"execute at @s[scores={dialogo=16}] run execute at @a[scores={status_handseals=85},tag=executando_ninjutsu,c=1] run function kage_bunshin_no_jutsu",
"execute at @s[scores={dialogo=16}] run execute at @a[scores={status_handseals=85},tag=executando_ninjutsu,c=1] run tag @s remove executando_ninjutsu",

"execute at @s[scores={dialogo=15}] run playanimation @s[scores={status_handseals=86}] animation.selos_jutsu porkyn 0",
"execute at @s[scores={dialogo=15}] run execute at @a[scores={status_handseals=86},tag=executando_ninjutsu,c=1] run function kage_bunshin_no_jutsu",
"execute at @s[scores={dialogo=15}] run execute at @a[scores={status_handseals=86},tag=executando_ninjutsu,c=1] run tag @s remove executando_ninjutsu",

"execute at @s[scores={dialogo=14}] run playanimation @s[scores={status_handseals=87}] animation.selos_jutsu porkyn 0",
"execute at @s[scores={dialogo=14}] run execute at @a[scores={status_handseals=87},tag=executando_ninjutsu,c=1] run function kage_bunshin_no_jutsu",
"execute at @s[scores={dialogo=14}] run execute at @a[scores={status_handseals=87},tag=executando_ninjutsu,c=1] run tag @s remove executando_ninjutsu",

"execute at @s[scores={dialogo=13}] run playanimation @s[scores={status_handseals=88}] animation.selos_jutsu porkyn 0",
"execute at @s[scores={dialogo=13}] run execute at @a[scores={status_handseals=88},tag=executando_ninjutsu,c=1] run function kage_bunshin_no_jutsu",
"execute at @s[scores={dialogo=13}] run execute at @a[scores={status_handseals=88},tag=executando_ninjutsu,c=1] run tag @s remove executando_ninjutsu",

"execute at @s[scores={dialogo=12}] run playanimation @s[scores={status_handseals=89}] animation.selos_jutsu porkyn 0",
"execute at @s[scores={dialogo=12}] run execute at @a[scores={status_handseals=89},tag=executando_ninjutsu,c=1] run function kage_bunshin_no_jutsu",
"execute at @s[scores={dialogo=12}] run execute at @a[scores={status_handseals=89},tag=executando_ninjutsu,c=1] run tag @s remove executando_ninjutsu",

"execute at @s[scores={dialogo=11}] run playanimation @s[scores={status_handseals=90}] animation.selos_jutsu porkyn 0",
"execute at @s[scores={dialogo=11}] run execute at @a[scores={status_handseals=90},tag=executando_ninjutsu,c=1] run function kage_bunshin_no_jutsu",
"execute at @s[scores={dialogo=11}] run execute at @a[scores={status_handseals=90},tag=executando_ninjutsu,c=1] run tag @s remove executando_ninjutsu",

"execute at @s[scores={dialogo=10}] run playanimation @s[scores={status_handseals=91}] animation.selos_jutsu porkyn 0",
"execute at @s[scores={dialogo=10}] run execute at @a[scores={status_handseals=91},tag=executando_ninjutsu,c=1] run function kage_bunshin_no_jutsu",
"execute at @s[scores={dialogo=10}] run execute at @a[scores={status_handseals=91},tag=executando_ninjutsu,c=1] run tag @s remove executando_ninjutsu",

"execute at @s[scores={dialogo=9}] run playanimation @s[scores={status_handseals=92}] animation.selos_jutsu porkyn 0",
"execute at @s[scores={dialogo=9}] run execute at @a[scores={status_handseals=92},tag=executando_ninjutsu,c=1] run function kage_bunshin_no_jutsu",
"execute at @s[scores={dialogo=9}] run execute at @a[scores={status_handseals=92},tag=executando_ninjutsu,c=1] run tag @s remove executando_ninjutsu",

"execute at @s[scores={dialogo=8}] run playanimation @s[scores={status_handseals=93}] animation.selos_jutsu porkyn 0",
"execute at @s[scores={dialogo=8}] run execute at @a[scores={status_handseals=93},tag=executando_ninjutsu,c=1] run function kage_bunshin_no_jutsu",
"execute at @s[scores={dialogo=8}] run execute at @a[scores={status_handseals=93},tag=executando_ninjutsu,c=1] run tag @s remove executando_ninjutsu",

"execute at @s[scores={dialogo=7}] run playanimation @s[scores={status_handseals=94}] animation.selos_jutsu porkyn 0",
"execute at @s[scores={dialogo=7}] run execute at @a[scores={status_handseals=94},tag=executando_ninjutsu,c=1] run function kage_bunshin_no_jutsu",
"execute at @s[scores={dialogo=7}] run execute at @a[scores={status_handseals=94},tag=executando_ninjutsu,c=1] run tag @s remove executando_ninjutsu",

"execute at @s[scores={dialogo=6}] run playanimation @s[scores={status_handseals=95}] animation.selos_jutsu porkyn 0",
"execute at @s[scores={dialogo=6}] run execute at @a[scores={status_handseals=95},tag=executando_ninjutsu,c=1] run function kage_bunshin_no_jutsu",
"execute at @s[scores={dialogo=6}] run execute at @a[scores={status_handseals=95},tag=executando_ninjutsu,c=1] run tag @s remove executando_ninjutsu",

"execute at @s[scores={dialogo=5}] run playanimation @s[scores={status_handseals=96}] animation.selos_jutsu porkyn 0",
"execute at @s[scores={dialogo=5}] run execute at @a[scores={status_handseals=96},tag=executando_ninjutsu,c=1] run function kage_bunshin_no_jutsu",
"execute at @s[scores={dialogo=5}] run execute at @a[scores={status_handseals=96},tag=executando_ninjutsu,c=1] run tag @s remove executando_ninjutsu",

"execute at @s[scores={dialogo=4}] run playanimation @s[scores={status_handseals=97}] animation.selos_jutsu porkyn 0",
"execute at @s[scores={dialogo=4}] run execute at @a[scores={status_handseals=97},tag=executando_ninjutsu,c=1] run function kage_bunshin_no_jutsu",
"execute at @s[scores={dialogo=4}] run execute at @a[scores={status_handseals=97},tag=executando_ninjutsu,c=1] run tag @s remove executando_ninjutsu",

"execute at @s[scores={dialogo=3}] run playanimation @s[scores={status_handseals=98}] animation.selos_jutsu porkyn 0",
"execute at @s[scores={dialogo=3}] run execute at @a[scores={status_handseals=98},tag=executando_ninjutsu,c=1] run function kage_bunshin_no_jutsu",
"execute at @s[scores={dialogo=3}] run execute at @a[scores={status_handseals=98},tag=executando_ninjutsu,c=1] run tag @s remove executando_ninjutsu",

"execute at @s[scores={dialogo=2}] run playanimation @s[scores={status_handseals=99}] animation.selos_jutsu porkyn 0",
"execute at @s[scores={dialogo=2}] run execute at @a[scores={status_handseals=99},tag=executando_ninjutsu,c=1] run function kage_bunshin_no_jutsu",
"execute at @s[scores={dialogo=2}] run execute at @a[scores={status_handseals=99},tag=executando_ninjutsu,c=1] run tag @s remove executando_ninjutsu",

"execute at @s[scores={dialogo=1}] run playanimation @s[scores={status_handseals=100}] animation.selos_jutsu porkyn 0",
"execute at @s[scores={dialogo=1}] run execute at @a[scores={status_handseals=100},tag=executando_ninjutsu,c=1] run function kage_bunshin_no_jutsu",
"execute at @s[scores={dialogo=1}] run execute at @a[scores={status_handseals=100},tag=executando_ninjutsu,c=1] run tag @s remove executando_ninjutsu",
				"execute at @s[scores={dialogo=800}] run kill @s"
			]
		  }
		}
	  }
	}
  }