{
	"format_version": "1.18.0",
	"minecraft:entity": {
	  "description": {
		"identifier": "5d:meteoro_madara",
		"is_spawnable": false,
		"is_summonable": true,
		"is_experimental": false
	  },
	  "component_groups": {},
	  "components": {
		"minecraft:type_family": {
		  "family": ["objeto"]
		},
		"minecraft:scale": {
			"value": 2
		  },
		  "minecraft:health": {
			  "value": 1000000,
			  "max": 1000000
			},
			
		"minecraft:knockback_resistance": {
		  "protection": 1000000
		},
		"minecraft:collision_box": {
		  "width": 0,
		  "height": 0
		},
		"minecraft:nameable": {},
		"minecraft:physics": {},
		"minecraft:pushable": {
		  "is_pushable": true,
		  "is_pushable_by_piston": true
		},
		"minecraft:timer": {
		  "looping": true,
		  "time": 0,
		  "time_down_event": {
			"event": "on:efeitos"
		  }
		}
	  },
	  "events": {
		"on:efeitos": {
		  "queue_command": {
			"command": [
				"scoreboard players add @s dialogo 1",
				"execute at @s[scores={dialogo=20}] run playanimation @s animation.meteoro_madara porkyn 1",
				"execute at @s[scores={dialogo=85}] run execute at @p[tag=executando_meteoro_madara,c=1] run function damage/meteoro_madara",
				"execute at @s[scores={dialogo=120}] run tp @s ~~-100~",
				"execute at @s[scores={dialogo=130}] run kill @s"

			]
		  }
		}
	  }
	}
  }