{
	"format_version": "1.16.0",
	"minecraft:entity": {
	  "description": {
		"identifier": "5d:empurrar_shinra_tensei",
		"is_spawnable": false,
		"is_summonable": true,
		"is_experimental": false
	  },
	  "component_groups": {
		"5d:despawn": {
		  "minecraft:transformation": {
			"into": "5d:despawn",
			"delay": 0.0
		  }
		}
	  },
	  "components": {
		"minecraft:type_family": {
		  "family": [
			"objeto"
		  ]
		},
		"minecraft:collision_box": {
		  "width": 1.0,
		  "height": 1.0
		},
		"minecraft:scale": {
		  "value": 0
	  
		},
		"minecraft:timer": {
		  "time": 0.2,
		  "looping": true,
		  "time_down_event": {
			"event": "5d:despawn"
		  }
		},
		"minecraft:behavior.knockback_roar": {
		  "priority": 1,
		  "duration": 0.1,
		  "attack_time": 0.1,
		  "knockback_damage": 0,
		  "knockback_strength": 6,
		  "knockback_range": 5,
		  "knockback_filters": {
			"test": "has_tag",
			"subject": "other",
			"operator": "!=",
			"value": "shinra_tensei"
		  },
		  "damage_filters": {
			"test": "has_tag",
			"subject": "other",
			"operator": "==",
			"value": "sla"
		  },
		  "on_roar_end": {
			"event": "5d:"
		  },
		  "cooldown_time": 0.25
		},
		"minecraft:physics": {},
		"minecraft:pushable": {
		  "is_pushable": false,
		  "is_pushable_by_piston": false
		}
	  },
	  "events": {
		"5d:command": {},
		"5d:despawn": {
		  "add": {
			"component_groups": [
			  "5d:despawn"
			]
		  },
		  "queue_command": {
			"command": [
			  "kill @s"
			]
		  }
		}
	  }
	}
  }