{
	"format_version": "1.18.0",
	"minecraft:entity": {
	  "description": {
		"identifier": "5d:tsukuyomi",
		"is_spawnable": false,
		"is_summonable": true,
		"is_experimental": false
	  },
	  "component_groups": {},
	  "components": {
		"minecraft:type_family": {
		  "family": ["objeto"]
		},
		"minecraft:scale": {
			"value": 1
		  },
		  "minecraft:health": {
			  "value": 1000000,
			  "max": 1000000
			},
			
		"minecraft:knockback_resistance": {
		  "protection": 1000000
		},
		"minecraft:collision_box": {
		  "width": 0,
		  "height": 0
		},
		"minecraft:nameable": {},
		"minecraft:physics": {},
		"minecraft:pushable": {
		  "is_pushable": false,
		  "is_pushable_by_piston": false
		},
		"minecraft:timer": {
		  "looping": true,
		  "time": 0,
		  "time_down_event": {
			"event": "on:efeitos"
		  }
		}
	  },
	  "events": {
		"on:efeitos": {
		  "queue_command": {
			"command": [
				"scoreboard players add @s dialogo 1",
				"execute at @s[scores={dialogo=1..2}] run playsound tsukuyomi @a",
				"execute at @s[scores={dialogo=80,dialogo=..140}] run title @a actionbar Eu me pergunto quanto alguem sem kekegenkai pode agunetar.",
				"execute at @s[scores={dialogo=160,dialogo=..180}] run title @a actionbar No mundo tsukuyomi..",
				"execute at @s[scores={dialogo=181,dialogo=..200}] run title @a actionbar  o reino dos pesadelos.",
				"execute at @s[scores={dialogo=231,dialogo=..300}] run title @a actionbar Tempo e espaço, eu controlo tudo.",
				"execute at @s[scores={dialogo=440,dialogo=..600}] run title @a actionbar Dor é dor, chame-a como quiser.",
				"execute at @s[scores={dialogo=730..,dialogo=..900}] run title @a actionbar Restam somente 71 horas 59 minutos e 59 segundos.",
				"execute at @s[scores={dialogo=1100}] run tag @a remove dialogo",
				"execute at @s[scores={dialogo=1100}] run fog @a remove tsukuyomi",
				"execute at @s[scores={dialogo=1100}] run tag @a remove tsukuyomi_ativo"

			]
		  }
		}
	  }
	}
  }