{
  "format_version": "1.20.80",
  "minecraft:item": {
      "description": {
          "identifier": "5d:esquerda",
          "menu_category": {
              "category": "items"
          }
      },
      "components": {
          "minecraft:icon": {
              "textures": {
                  "default": "esquerda"
              }
          },
          "minecraft:display_name": {
              "value": "ESQUERDA"
          },
          "minecraft:max_stack_size": 1,
          "minecraft:allow_off_hand": false,
          "minecraft:cooldown": {
              "category": "nada",
              "duration": 2
          }
      }
  }
}