{
  "format_version": "1.13.0",
  "minecraft:feature_rules": {
    "description": {
      "identifier": "minecraft:pergaminho_zabuza_feature_rule",
      "places_feature": "minecraft:pergaminho_zabuza_feature_mcstructure"
    },
    "conditions": {
      "placement_pass": "surface_pass",
      "minecraft:biome_filter": [
        {
          "test": "has_biome_tag",
          "operator": "==",
          "value": "overworld"
        }
      ]
    },
    "distribution": {
      "iterations": 1,
      "scatter_chance": 1,
      "x": {
        "distribution": "uniform",
        "extent": [
          0,
          15
        ]
      },
      "y": "query.heightmap(variable.worldx, variable.worldz) + 0",
      "z": {
        "distribution": "uniform",
        "extent": [
          0,
          15
        ]
      }
    }
  }
}