{
	"format_version": "1.18.0",
	"minecraft:entity": {
	  "description": {
		"identifier": "5d:attack7_madara",
		"is_spawnable": false,
		"is_summonable": true,
		"is_experimental": false
	  },
	  "component_groups": {},
	  "components": {
		"minecraft:type_family": {
		  "family": ["objeto"]
		},
		"minecraft:scale": {
			"value": 0
		  },
		  "minecraft:health": {
			  "value": 1000000,
			  "max": 1000000
			},
		"minecraft:knockback_resistance": {
		  "protection": 1
		},
		"minecraft:collision_box": {
		  "width": 0,
		  "height": 0
		},
		"minecraft:nameable": {},
		"minecraft:physics": {},
		"minecraft:pushable": {
		  "is_pushable": true,
		  "is_pushable_by_piston": true
		},
		"minecraft:timer": {
		  "looping": true,
		  "time": 1,
		  "time_down_event": {
			"event": "on:efeitos"
		  }
		}
	  },
	  "events": {
		"on:efeitos": {
		  "queue_command": {
			"command": [
				"scoreboard players add @s dialogo 1",

				"execute at @s[scores={dialogo=1}] run inputpermission set @a[tag=battle_boss_madara,r=64] camera disabled",
				"execute at @s[scores={dialogo=1}] run inputpermission set @a[tag=battle_boss_madara,r=64] movement disabled",
				"execute at @s[scores={dialogo=1}] run execute at @a[tag=battle_boss_madara,r=64] run execute at @e[type=5d:local1_boss_madara,c=1] run tp @a[tag=battle_boss_madara,r=64] ^^^-18",
				"execute at @s[scores={dialogo=1}] run execute at @a[tag=battle_boss_madara,r=64] run camera @s set 5d:parado1 pos ~~10~-3",
				"execute at @s[scores={dialogo=1}] run execute at @a[tag=battle_boss_madara,r=64] run camera @s set 5d:parado1 ease 5 linear pos ~~10~20",
				"execute at @s[scores={dialogo=15}] run execute at @a[tag=battle_boss_madara,r=64] run camera @s set 5d:parado1 pos ~~8~15",
				"execute at @s[scores={dialogo=16}] run camera @a[tag=battle_boss_madara,r=64] clear",
				"execute at @s[scores={dialogo=16}] run inputpermission set @a[tag=battle_boss_madara,r=64] camera enabled",
				"execute at @s[scores={dialogo=16}] run inputpermission set @a[tag=battle_boss_madara,r=64] movement enabled",

				"execute at @s[scores={dialogo=1}] run playsound attack7_madara @a",
				"execute at @s[scores={dialogo=16}] run tag @e[type=5d:shinobi_madara2,c=1] add start",
				"execute at @s[scores={dialogo=1}] run tag @a add dialogo",
				"execute at @s[scores={dialogo=8}] run tag @a remove dialogo",
				"execute at @s[scores={dialogo=1..,dialogo=..5}] run title @a actionbar Prefere o clone com ou sem susanoo?",
				"execute at @s[scores={dialogo=1}] run summon 5d:shinobi_madara_parado ~3~10~7",
				"execute at @s[scores={dialogo=7}] run replaceitem entity @e[type=5d:shinobi_madara_parado,c=1] slot.armor.head 1 air",
				"execute at @s[scores={dialogo=7}] run replaceitem entity @e[type=5d:shinobi_madara_parado,c=1] slot.armor.chest 1 air",
				"execute at @s[scores={dialogo=7}] run replaceitem entity @e[type=5d:shinobi_madara_parado,c=1] slot.armor.legs 1 air",
				"execute at @s[scores={dialogo=7}] run replaceitem entity @e[type=5d:shinobi_madara_parado,c=1] slot.armor.feet 1 air",
				"execute at @s[scores={dialogo=7}] run playanimation @e[type=5d:shinobi_madara_parado,c=1] animation.attack7_madara porkyn 1",
				"execute at @s[scores={dialogo=7}] run playsound susanoo_ativar @a",
				"execute at @s[scores={dialogo=7}] run effect @e[type=5d:shinobi_madara_parado,c=1] invisibility 99999 255 true",
				"execute at @s[scores={dialogo=7}] run replaceitem entity @e[type=5d:shinobi_madara_parado,c=1] slot.armor.head 1 5d:susanoo4_madara_boss 1 0 {\"minecraft:item_lock\": {\"mode\": \"lock_in_inventory\"}}",
				"execute at @s[scores={dialogo=12}] run execute at @e[type=5d:shinobi_madara_parado,c=1] run summon 5d:shinobi_madara2_clone ~~~",
				"execute at @s[scores={dialogo=12}] run effect @e[type=5d:shinobi_madara2_clone,c=1] invisibility 99999 255 true",
				"execute at @s[scores={dialogo=12}] run effect @e[type=5d:shinobi_madara2_clone,c=1] slowness 15 255 true",
				"execute at @s[scores={dialogo=12}] run effect @e[type=5d:shinobi_madara2,c=1] slowness 15 255 true",
				"execute at @s[scores={dialogo=13}] run tp @e[type=5d:shinobi_madara_parado,c=1] ~~-100~",
				"execute at @s[scores={dialogo=14}] run kill @e[type=5d:shinobi_madara_parado,c=1]",
				"execute at @s[scores={dialogo=20}] run tp @s ~~-100~",
				"execute at @s[scores={dialogo=22}] run kill @s"
			]
		  }
		}
	  }
	}
  }