{
	"format_version": "1.18.0",
	"minecraft:entity": {
	  "description": {
		"identifier": "5d:attack9_madara",
		"is_spawnable": false,
		"is_summonable": true,
		"is_experimental": false
	  },
	  "component_groups": {},
	  "components": {
		"minecraft:type_family": {
		  "family": ["objeto"]
		},
		"minecraft:scale": {
			"value": 0
		  },
		  "minecraft:health": {
			  "value": 1000000,
			  "max": 1000000
			},
		"minecraft:knockback_resistance": {
		  "protection": 1
		},
		"minecraft:collision_box": {
		  "width": 0,
		  "height": 0
		},
		"minecraft:nameable": {},
		"minecraft:physics": {},
		"minecraft:pushable": {
		  "is_pushable": true,
		  "is_pushable_by_piston": true
		},
		"minecraft:timer": {
		  "looping": true,
		  "time": 0,
		  "time_down_event": {
			"event": "on:efeitos"
		  }
		}
	  },
	  "events": {
		"on:efeitos": {
		  "queue_command": {
			"command": [
				"scoreboard players add @s dialogo 1",

				"scoreboard players add @s dialogo 1",
				"execute at @s[scores={dialogo=40}] run execute at @e[type=5d:shinobi_madara,r=100] run summon 5d:impact_stonebrick ~ 284 ~",
				"execute at @s[scores={dialogo=60}] run execute at @e[family=player,c=1,r=64] run tp @e[type=5d:shinobi_madara,c=1] ~~2~",
				"execute at @s[scores={dialogo=80}] run execute at @e[type=5d:shinobi_madara,r=100] run camerashake add @a[r=5] 1 1 positional",
				"execute at @s[scores={dialogo=80}] run execute at @e[type=5d:shinobi_madara2,r=100] run camerashake add @a[r=10] 1 1 positional",
				"execute at @s[scores={dialogo=80}] run execute at @e[type=5d:shinobi_madara,r=100] run damage @e[tag=!intangivel,family=!objeto,type=!5d:shinobi_madara,r=5] 640 entity_attack entity @s",
				"execute at @s[scores={dialogo=80}] run execute at @e[type=5d:shinobi_madara,r=100] run execute as @e[tag=!intangivel,family=!objeto,type=!5d:shinobi_madara,r=5] run function impact_player",
				"execute at @s[scores={dialogo=80}] run execute at @e[type=5d:shinobi_madara,r=100] run summon 5d:empurrar_attack3_madara ~~~",
				"execute at @s[scores={dialogo=80}] run execute at @e[type=5d:shinobi_madara,r=100] run summon 5d:impact_stonebrick2 ~ 284 ~",
				"tp @s[scores={dialogo=135}] ~~-100~",
				"kill @s[scores={dialogo=140}]",

				"execute at @s[scores={dialogo=80}] run execute at @e[type=5d:shinobi_madara2,r=64,c=1] run summon 5d:attack9_madara_impact ~~~5",
				"execute at @s[scores={dialogo=90}] run execute at @e[type=5d:shinobi_madara2,r=64,c=1] run summon 5d:attack9_madara_impact ~~~10",
				"execute at @s[scores={dialogo=100}] run execute at @e[type=5d:shinobi_madara2,r=64,c=1] run summon 5d:attack9_madara_impact ~~~15",
				"execute at @s[scores={dialogo=110}] run execute at @e[type=5d:shinobi_madara2,r=64,c=1] run summon 5d:attack9_madara_impact ~~~20",
				"execute at @s[scores={dialogo=120}] run execute at @e[type=5d:shinobi_madara2,r=64,c=1] run summon 5d:attack9_madara_impact ~~~25",
				"execute at @s[scores={dialogo=130}] run execute at @e[type=5d:shinobi_madara2,r=64,c=1] run summon 5d:attack9_madara_impact ~~~30",

				"execute at @s[scores={dialogo=80}] run execute at @e[type=5d:shinobi_madara2,r=64,c=1] run summon 5d:attack9_madara_impact ~~~-5",
				"execute at @s[scores={dialogo=90}] run execute at @e[type=5d:shinobi_madara2,r=64,c=1] run summon 5d:attack9_madara_impact ~~~-10",
				"execute at @s[scores={dialogo=100}] run execute at @e[type=5d:shinobi_madara2,r=64,c=1] run summon 5d:attack9_madara_impact ~~~-15",
				"execute at @s[scores={dialogo=110}] run execute at @e[type=5d:shinobi_madara2,r=64,c=1] run summon 5d:attack9_madara_impact ~~~-20",
				"execute at @s[scores={dialogo=120}] run execute at @e[type=5d:shinobi_madara2,r=64,c=1] run summon 5d:attack9_madara_impact ~~~-25",
				"execute at @s[scores={dialogo=130}] run execute at @e[type=5d:shinobi_madara2,r=64,c=1] run summon 5d:attack9_madara_impact ~~~-30",

				"execute at @s[scores={dialogo=80}] run execute at @e[type=5d:shinobi_madara2,r=64,c=1] run summon 5d:attack9_madara_impact ~5~~",
				"execute at @s[scores={dialogo=90}] run execute at @e[type=5d:shinobi_madara2,r=64,c=1] run summon 5d:attack9_madara_impact ~10~~",
				"execute at @s[scores={dialogo=100}] run execute at @e[type=5d:shinobi_madara2,r=64,c=1] run summon 5d:attack9_madara_impact ~15~~",
				"execute at @s[scores={dialogo=110}] run execute at @e[type=5d:shinobi_madara2,r=64,c=1] run summon 5d:attack9_madara_impact ~20~~",
				"execute at @s[scores={dialogo=120}] run execute at @e[type=5d:shinobi_madara2,r=64,c=1] run summon 5d:attack9_madara_impact ~25~~",
				"execute at @s[scores={dialogo=130}] run execute at @e[type=5d:shinobi_madara2,r=64,c=1] run summon 5d:attack9_madara_impact ~30~~",

				"execute at @s[scores={dialogo=80}] run execute at @e[type=5d:shinobi_madara2,r=64,c=1] run summon 5d:attack9_madara_impact ~-5~~",
				"execute at @s[scores={dialogo=90}] run execute at @e[type=5d:shinobi_madara2,r=64,c=1] run summon 5d:attack9_madara_impact ~-10~~",
				"execute at @s[scores={dialogo=100}] run execute at @e[type=5d:shinobi_madara2,r=64,c=1] run summon 5d:attack9_madara_impact ~-15~~",
				"execute at @s[scores={dialogo=110}] run execute at @e[type=5d:shinobi_madara2,r=64,c=1] run summon 5d:attack9_madara_impact ~-20~~",
				"execute at @s[scores={dialogo=120}] run execute at @e[type=5d:shinobi_madara2,r=64,c=1] run summon 5d:attack9_madara_impact ~-25~~",
				"execute at @s[scores={dialogo=130}] run execute at @e[type=5d:shinobi_madara2,r=64,c=1] run summon 5d:attack9_madara_impact ~-30~~"

			]
		  }
		}
	  }
	}
  }