{
	"format_version": "1.18.0",
	"minecraft:entity": {
	  "description": {
		"identifier": "5d:attack1_madara",
		"is_spawnable": false,
		"is_summonable": true,
		"is_experimental": false
	  },
	  "component_groups": {},
	  "components": {
		"minecraft:type_family": {
		  "family": ["objeto"]
		},
		"minecraft:scale": {
			"value": 0
		  },
		  "minecraft:health": {
			  "value": 1000000,
			  "max": 1000000
			},
		"minecraft:knockback_resistance": {
		  "protection": 1
		},
		"minecraft:collision_box": {
		  "width": 0,
		  "height": 0
		},
		"minecraft:nameable": {},
		"minecraft:physics": {},
		"minecraft:pushable": {
		  "is_pushable": true,
		  "is_pushable_by_piston": true
		},
		"minecraft:timer": {
		  "looping": true,
		  "time": 0,
		  "time_down_event": {
			"event": "on:efeitos"
		  }
		}
	  },
	  "events": {
		"on:efeitos": {
		  "queue_command": {
			"command": [
				"scoreboard players add @s dialogo 1",
				
				"execute at @s[scores={dialogo=1}] run playsound attack1_madara @a[r=64]",
				//madara1
				"execute at @s[scores={dialogo=10}] run execute at @e[family=player,type=!5d:shinobi_madara,c=1] run execute at @e[type=5d:shinobi_madara,c=1] run summon 5d:attack1_madara2 ^^^-1",
				"execute at @s[scores={dialogo=10}] run execute at @e[type=5d:shinobi_madara,r=100] run camerashake add @a[r=3] 1 1 positional",
				"execute at @s[scores={dialogo=10}] run execute at @e[type=5d:shinobi_madara,r=100] run execute as @e[tag=!intangivel,family=!objeto,type=!5d:shinobi_madara,r=3] run function impact_player",
				"execute at @s[scores={dialogo=10}] run execute at @e[type=5d:shinobi_madara,r=100] run summon 5d:impact_stonebrick2 ~ 284 ~",
				"execute at @s[scores={dialogo=13}] run execute at @e[type=5d:shinobi_madara,r=100] run summon 5d:impact_stonebrick2 ~ 284 ~",
				"execute at @s[scores={dialogo=16}] run execute at @e[type=5d:shinobi_madara,r=100] run summon 5d:impact_stonebrick2 ~ 284 ~",
				"execute at @s[scores={dialogo=19}] run execute at @e[type=5d:shinobi_madara,r=100] run summon 5d:impact_stonebrick2 ~ 284 ~",
				"execute at @s[scores={dialogo=10..20}] run execute at @e[family=!objeto,type=5d:shinobi_madara,r=100] run damage @e[tag=!no_attack1_madara,tag=!intangivel,family=!objeto,type=!5d:shinobi_madara,r=3] 640 entity_attack entity @s",
				"execute at @s[scores={dialogo=10..20}] run execute at @e[family=!objeto,type=5d:shinobi_madara,r=100] run tag @e[r=3] add no_attack1_madara",
				
				//madara2
				"execute at @s[scores={dialogo=10}] run execute at @e[family=player,type=!5d:shinobi_madara2,c=1] run execute at @e[type=5d:shinobi_madara2,c=1] run summon 5d:attack1_madara2 ^^^-1",
				"execute at @s[scores={dialogo=10}] run execute at @e[type=5d:shinobi_madara2,r=100] run camerashake add @a[r=3] 1 1 positional",
				"execute at @s[scores={dialogo=10}] run execute at @e[type=5d:shinobi_madara2,r=100] run execute as @e[tag=!intangivel,family=!objeto,type=!5d:shinobi_madara2,r=3] run function impact_player",
				"execute at @s[scores={dialogo=10}] run execute at @e[type=5d:shinobi_madara2,r=100] run summon 5d:impact_stonebrick2 ~ 284 ~",
				"execute at @s[scores={dialogo=13}] run execute at @e[type=5d:shinobi_madara2,r=100] run summon 5d:impact_stonebrick2 ~ 284 ~",
				"execute at @s[scores={dialogo=16}] run execute at @e[type=5d:shinobi_madara2,r=100] run summon 5d:impact_stonebrick2 ~ 284 ~",
				"execute at @s[scores={dialogo=19}] run execute at @e[type=5d:shinobi_madara2,r=100] run summon 5d:impact_stonebrick2 ~ 284 ~",
				"execute at @s[scores={dialogo=10..20}] run execute at @e[family=!objeto,type=5d:shinobi_madara2,r=100] run damage @e[tag=!no_attack1_madara,tag=!intangivel,family=!objeto,type=!5d:shinobi_madara2,r=3] 640 entity_attack entity @s",
				"execute at @s[scores={dialogo=10..20}] run execute at @e[family=!objeto,type=5d:shinobi_madara2,r=100] run tag @e[r=3] add no_attack1_madara",


				
				"execute at @s[scores={dialogo=25}] run tag @e[r=64] remove no_attack1_madara",
				"execute at @s[scores={dialogo=30}] run tp @s ~~-100~",
				"execute at @s[scores={dialogo=40}] run kill @s"
			]
		  }
		}
	  }
	}
  }