{
	"format_version": "1.18.0",
	"minecraft:entity": {
	  "description": {
		"identifier": "5d:attack6_madara",
		"is_spawnable": false,
		"is_summonable": true,
		"is_experimental": false
	  },
	  "component_groups": {},
	  "components": {
		"minecraft:type_family": {
		  "family": ["objeto"]
		},
		"minecraft:scale": {
			"value": 0
		  },
		  "minecraft:health": {
			  "value": 1000000,
			  "max": 1000000
			},
		"minecraft:knockback_resistance": {
		  "protection": 1
		},
		"minecraft:collision_box": {
		  "width": 0,
		  "height": 0
		},
		"minecraft:nameable": {},
		"minecraft:physics": {},
		"minecraft:pushable": {
		  "is_pushable": true,
		  "is_pushable_by_piston": true
		},
		"minecraft:timer": {
		  "looping": true,
		  "time": 1.2,
		  "time_down_event": {
			"event": "on:efeitos"
		  }
		}
	  },
	  "events": {
		"on:efeitos": {
		  "queue_command": {
			"command": [
				"scoreboard players add @s dialogo 1",
				"execute at @s[scores={dialogo=1}] run playsound meteoro_madara @a[r=64,tag=!dialogo]",
				"execute at @s[scores={dialogo=2}] run execute at @e[type=5d:shinobi_madara,c=1,r=64] run execute at @a[r=64] run summon 5d:meteoro_madara_boss ~~60~",
				"execute at @s[scores={dialogo=2}] run execute at @e[type=5d:shinobi_madara2,c=1,r=64] run execute at @a[r=64] run summon 5d:meteoro_madara_boss ~~60~",
				"execute at @s[scores={dialogo=2}] run execute at @e[type=5d:shinobi_madara2,c=1,r=64] run execute at @a[r=64] run summon 5d:meteoro_madara_boss ~10~60~14",
				"execute at @s[scores={dialogo=2}] run execute at @e[type=5d:shinobi_madara2,c=1,r=64] run execute at @a[r=64] run summon 5d:meteoro_madara_boss ~-16~60~-7",
				"execute at @s[scores={dialogo=2}] run execute at @e[type=5d:shinobi_madara2,c=1,r=64] run execute at @a[r=64] run summon 5d:meteoro_madara_boss ~-1~60~19",
				"execute at @s[scores={dialogo=2}] run execute at @e[type=5d:shinobi_madara2,c=1,r=64] run execute at @a[r=64] run summon 5d:meteoro_madara_boss ~10~60~-23",
				"execute at @s[scores={dialogo=5}] run tp @s ~~-100~",
				"execute at @s[scores={dialogo=6}] run kill @s"
			]
		  }
		}
	  }
	}
  }