{
	"format_version": "1.18.0",
	"minecraft:entity": {
	  "description": {
		"identifier": "5d:naruto_sennin_int2",
		"is_spawnable": false,
		"is_summonable": true,
		"is_experimental": false
	  },
	  "component_groups": {},
	  "components": {
		"minecraft:type_family": {
		  "family": ["objeto"]
		},
		"minecraft:scale": {
			"value": 1.3
		  },
		  "minecraft:health": {
			  "value": 1000000,
			  "max": 1000000
			},
		"minecraft:knockback_resistance": {
		  "protection": 1
		},
		"minecraft:collision_box": {
		  "width": 0,
		  "height": 0
		},
		"minecraft:nameable": {},
		"minecraft:physics": {},
		"minecraft:pushable": {
		  "is_pushable": true,
		  "is_pushable_by_piston": true
		},
		"minecraft:timer": {
		  "looping": true,
		  "time": 1,
		  "time_down_event": {
			"event": "on:efeitos"
		  }
		}
	  },
	  "events": {
		"on:efeitos": {
		  "queue_command": {
			"command": [
				"replaceitem entity @s[scores={dialogo=1..10}] slot.armor.chest 1 5d:armadura_naruto_sennin1 1 0 {\"minecraft:item_lock\": {\"mode\": \"lock_in_inventory\"}}",
				"replaceitem entity @s[scores={dialogo=1..10}] slot.armor.feet 1 5d:hair_naruto_shippuden_amarelo 1 0 {\"minecraft:item_lock\": {\"mode\": \"lock_in_inventory\"}}",
				"replaceitem entity @s[scores={dialogo=1..10}] slot.armor.head 1 5d:sennin_sapos_boss 1 0 {\"minecraft:item_lock\": {\"mode\": \"lock_in_inventory\"}}",
				"replaceitem entity @s[scores={dialogo=1..10}] slot.armor.legs 1 5d:face_naruto 1 0 {\"minecraft:item_lock\": {\"mode\": \"lock_in_inventory\"}}",
				"execute at @s[scores={dialogo=1}] run playanimation @s animation.naruto_sennin_int2 porkyn 1",
				

				"execute at @s[scores={dialogo=4}] run inputpermission set @a[r=64] camera disabled",
				"execute at @s[scores={dialogo=4}] run inputpermission set @a[r=64] movement disabled",

				"execute at @s[scores={dialogo=1}] run execute as @a[r=64] run playsound ventania @a[r=64] ~~~ 2.0 1.0 1.0",

				"execute at @a[r=25] run tag @e[type=5d:naruto_sennin_int2] add start",

				"execute at @s[scores={dialogo=1}] run execute at @a[r=35] run tag @a[r=64] add dialogo",
				"execute at @s[scores={dialogo=30}] run execute at @a[r=35] run tag @a[r=64] remove dialogo",

				"scoreboard players add @s[tag=start] dialogo 1",

				"tp @s[scores={dialogo=1}] @e[type=5d:local0_boss_naruto_sennin,c=1]",

				"execute at @s[scores={dialogo=1}] run tp @a[r=64] @e[type=5d:local1_boss_naruto_sennin,c=1]",
				"execute at @s[scores={dialogo=1}] run camera @a[r=64] fade time 0.1 3 1",

				"execute at @s[scores={dialogo=2}] run execute at @a[r=64] run execute as @a[r=64] run camera @s set minecraft:free pos ~-0.1~2~-15 rot 0 180",
				"execute at @s[scores={dialogo=2}] run execute at @a[r=64] run execute as @a[r=64] run camera @s set minecraft:free ease 9 linear pos ~-0.1~0.3~-22 rot 0 180",

				"replaceitem entity @s[scores={dialogo=13}] slot.armor.head 1 air 1 0 {\"minecraft:item_lock\": {\"mode\": \"lock_in_inventory\"}}",
				"execute at @s[scores={dialogo=13}] run playsound modo_sennin_desativar @a[r=64] ~~~ 2.0 1.0 1.0",

				"execute at @s[scores={dialogo=14}] run execute at @a[r=64] run execute as @a[r=64] run camera @s set minecraft:free pos ~-0.1~0.5~-22 rot 0 180",
				"execute at @s[scores={dialogo=14}] run execute at @a[r=64] run execute as @a[r=64] run camera @s set minecraft:free ease 1 linear pos ~-0.1~-1~-20 rot 0 180",

				"execute at @s[scores={dialogo=15}] run execute at @a[r=64] run execute as @a[r=64] run camera @s set minecraft:free pos ~-0.1~-1~-20 rot 0 180",

				"execute at @s[scores={dialogo=16}] run execute at @a[r=64] run execute as @a[r=64] run camera @s set minecraft:free pos ~-0.1~-1~-20 rot 0 180",

				"execute at @s[scores={dialogo=17}] run execute at @a[r=64] run execute as @a[r=64] run camera @s set minecraft:free ease 2 linear pos ~-13.5~17.5~-35 rot 0 180",

				"execute at @s[scores={dialogo=19}] run execute at @a[r=64] run execute as @a[r=64] run camera @s set minecraft:free pos ~-13.5~17.5~-35 rot 0 180",


				"execute at @s[scores={dialogo=23}] run execute at @e[type=5d:naruto_sennin_clone1,c=1] run particle minecraft:egg_destroy_emitter ~~~",
				"execute at @s[scores={dialogo=23}] run playsound subs @a[r=64] ~~~ 2.0 1.0 1.0",
				"execute at @s[scores={dialogo=23}] run tp @e[type=5d:naruto_sennin_clone1,c=1] ~~-100~",

				"execute at @s[scores={dialogo=25}] run camera @a[r=64] fade time 0.1 2 1",

				"execute at @s[scores={dialogo=26}] run execute at @a[r=64] run execute as @a[r=64] run camera @s set minecraft:free pos ~-0.1~-1~-20 rot 0 180",
 
				"replaceitem entity @s[scores={dialogo=28}] slot.armor.head 1 5d:sennin_sapos_boss 1 0 {\"minecraft:item_lock\": {\"mode\": \"lock_in_inventory\"}}",
				"execute at @s[scores={dialogo=28}] run playsound modo_sennin @a[r=64] ~~~ 2.0 1.0 1.0",

				"execute at @s[scores={dialogo=30}] run camera @a[r=64] fade time 0.1 2 1",

				"execute at @s[scores={dialogo=28}] run execute as @a[r=64] run playsound battle_naruto_sennin @a[r=64] ~~~ 2.0 1.0 1.0",


				"execute at @s[scores={dialogo=32}] run execute at @a[r=64] run execute as @a[r=64] run camera @s clear",
				"execute at @s[scores={dialogo=32}] run inputpermission set @a[r=64] camera enabled",
				"execute at @s[scores={dialogo=32}] run inputpermission set @a[r=64] movement enabled",

				"execute at @s[scores={dialogo=31}] run summon 5d:naruto_sennin",
				"execute at @s[scores={dialogo=31..36}] run tag @e[type=5d:naruto_sennin,c=1] add round2",

				"tp @s[scores={dialogo=32}] ~~-100~",
				"kill @s[scores={dialogo=40}]"




			]
		  }
		}
	  }
	}
  }