{
	"format_version": "1.18.0",
	"minecraft:entity": {
	  "description": {
		"identifier": "5d:naruto_sennin_int4",
		"is_spawnable": false,
		"is_summonable": true,
		"is_experimental": false
	  },
	  "component_groups": {},
	  "components": {
		"minecraft:type_family": {
		  "family": ["objeto"]
		},
		"minecraft:scale": {
			"value": 1.3
		  },
		  "minecraft:health": {
			  "value": 1000000,
			  "max": 1000000
			},
		"minecraft:knockback_resistance": {
		  "protection": 1
		},
		"minecraft:collision_box": {
		  "width": 0,
		  "height": 0
		},
		"minecraft:nameable": {},
		"minecraft:physics": {},
		"minecraft:pushable": {
		  "is_pushable": false,
		  "is_pushable_by_piston": false
		},
		"minecraft:timer": {
		  "looping": true,
		  "time": 0,
		  "time_down_event": {
			"event": "on:efeitos"
		  }
		}
	  },
	  "events": {
		"on:efeitos": {
		  "queue_command": {
			"command": [
				"scoreboard players add @s dialogo 1",
				"replaceitem entity @s[scores={dialogo=1..10}] slot.armor.chest 1 5d:armadura_naruto_sennin1 1 0 {\"minecraft:item_lock\": {\"mode\": \"lock_in_inventory\"}}",
				"replaceitem entity @s[scores={dialogo=1..10}] slot.armor.feet 1 5d:hair_naruto_shippuden_amarelo 1 0 {\"minecraft:item_lock\": {\"mode\": \"lock_in_inventory\"}}",
				"replaceitem entity @s[scores={dialogo=1..10}] slot.armor.head 1 5d:sennin_sapos_boss 1 0 {\"minecraft:item_lock\": {\"mode\": \"lock_in_inventory\"}}",
				"replaceitem entity @s[scores={dialogo=1..10}] slot.armor.legs 1 5d:face_naruto 1 0 {\"minecraft:item_lock\": {\"mode\": \"lock_in_inventory\"}}",
				"execute at @s[scores={dialogo=1}] run tag @a[r=200] add dialogo",
				"execute at @s[scores={dialogo=200}] run tag @a[r=200] remove dialogo",
				"playanimation @s[scores={dialogo=1..3}] animation.naruto_sennin_int3 porkyn 1",
				"execute at @s[scores={dialogo=220..,dialogo=..250}] run particle 5d:edo_tensei ~~1~",
				"execute at @s[scores={dialogo=200}] run tag @a[r=200] remove dialogo",
				"execute at @s[scores={dialogo=250}] run title @a[r=100] title §m§eVocê venceu!",
				"execute at @s[scores={dialogo=250}] run scoreboard players add @a[r=100] xp 56697",
				"execute at @s[scores={dialogo=250}] run give @a[r=64] 5d:boss_naruto_sennin",
				"execute at @s[scores={dialogo=250}] run fog @a remove porkyn",
				"execute at @s[scores={dialogo=250}] run camera @a[r=64] clear",
				"execute at @s[scores={dialogo=250}] run inputpermission set @a[r=64] camera enabled",
				"execute at @s[scores={dialogo=250}] run inputpermission set @a[r=64] movement enabled",
				"execute at @s[scores={dialogo=250}] run execute at @a[r=100] run tag @s remove battle_boss_naruto_sennin",
				"execute at @s[scores={dialogo=250}] run execute at @a[r=100] run gamerule doMobSpawning true",
				"execute at @s[scores={dialogo=250}] run function dead/battle_boss_naruto_sennin",
				"execute at @s[scores={dialogo=250}] run execute as @a[r=100] run tp @s @e[type=5d:local0_boss_naruto_sennin,c=1]",
				"tp @s[scores={dialogo=500..}] ~~-100~",
				"kill @s[scores={dialogo=550..}]"
				
				
			]
		  }
		}
	  }
	}
  }