{
	"format_version": "1.18.0",
	"minecraft:entity": {
	  "description": {
		"identifier": "5d:naruto_sennin_int1",
		"is_spawnable": false,
		"is_summonable": true,
		"is_experimental": false
	  },
	  "component_groups": {},
	  "components": {
		"minecraft:type_family": {
		  "family": ["objeto"]
		},
		"minecraft:scale": {
			"value": 1.3
		  },
		  "minecraft:health": {
			  "value": 1000000,
			  "max": 1000000
			},
		"minecraft:knockback_resistance": {
		  "protection": 1
		},
		"minecraft:collision_box": {
		  "width": 0,
		  "height": 0
		},
		"minecraft:nameable": {},
		"minecraft:physics": {},
		"minecraft:pushable": {
		  "is_pushable": true,
		  "is_pushable_by_piston": true
		},
		"minecraft:timer": {
		  "looping": true,
		  "time": 1,
		  "time_down_event": {
			"event": "on:efeitos"
		  }
		}
	  },
	  "events": {
		"on:efeitos": {
		  "queue_command": {
			"command": [
				"replaceitem entity @s[tag=!start] slot.armor.chest 1 5d:armadura_naruto_sennin1 1 0 {\"minecraft:item_lock\": {\"mode\": \"lock_in_inventory\"}}",
				"replaceitem entity @s[tag=!start] slot.armor.feet 1 5d:hair_naruto_shippuden_amarelo 1 0 {\"minecraft:item_lock\": {\"mode\": \"lock_in_inventory\"}}",
				"replaceitem entity @s[tag=!start] slot.armor.head 1 5d:sennin_sapos_boss 1 0 {\"minecraft:item_lock\": {\"mode\": \"lock_in_inventory\"}}",
				"replaceitem entity @s[tag=!start] slot.armor.legs 1 5d:face_naruto 1 0 {\"minecraft:item_lock\": {\"mode\": \"lock_in_inventory\"}}",

				"execute at @s[scores={dialogo=1}] run playanimation @s animation.naruto_sennin_int1 porkyn 1",
				
				"execute at @s[scores={dialogo=1}] run execute as @a[r=64] run playsound ventania @a[r=64] ~~~ 2.0 1.0 1.0",
				"execute at @s[scores={dialogo=14}] run execute as @a[r=64] run playsound naruto_sennin_int1 @a[r=64] ~~~ 2.0 1.0 1.0",
				"execute at @s[scores={dialogo=17}] run execute as @a[r=64] run playsound battle_naruto_sennin @a[r=64] ~~~ 2.0 1.0 1.0",


				"execute at @s[scores={dialogo=4}] run inputpermission set @a[r=64] camera disabled",
				"execute at @s[scores={dialogo=4}] run inputpermission set @a[r=64] movement disabled",

				"playanimation @s[tag=!start] animation.meditar porkyn 1",
				"execute at @a[r=35] run tag @e[type=5d:naruto_sennin_int1] add start",
				"execute at @s[scores={dialogo=1}] run execute at @a[r=64] run tag @a[r=64] add dialogo",
				"execute at @s[scores={dialogo=1}] run execute at @a[r=64] run tag @a[r=64] add cutscene",
				
				"execute at @s[scores={dialogo=28}] run execute at @a[r=64] run tag @a[r=64] remove dialogo",
				"execute at @s[scores={dialogo=28}] run execute at @a[r=64] run tag @a[r=64] remove cutscene",
				"scoreboard players add @s[tag=start] dialogo 1",

				"execute at @s[scores={dialogo=2}] run tp @a[r=64] @e[type=5d:local1_boss_naruto_sennin,c=1]",
				"execute at @s[scores={dialogo=2}] run camera @a[r=64] fade time 0.1 1 1",
				"execute at @s[scores={dialogo=2}] run execute at @a[r=64] run execute as @a[r=64] run camera @s set minecraft:free pos ~~23~ rot 0 180",
				"execute at @s[scores={dialogo=2}] run execute at @a[r=64] run execute as @a[r=64] run camera @s set minecraft:free ease 9 linear pos ~~18~-35 rot 0 180",

			
				"execute at @s[scores={dialogo=15..,dialogo=..17}] run title @a[tag=portuguese,r=50] actionbar Vejo que você finalmente chegou.",
				"execute at @s[scores={dialogo=15..,dialogo=..17}] run title @a[tag=english,r=50] actionbar I see you've finally arrived.",

				"execute at @s[scores={dialogo=19..,dialogo=..21}] run title @a[tag=portuguese,r=50] actionbar Estava sentindo sua energia se aproximando.",
				"execute at @s[scores={dialogo=19..,dialogo=..21}] run title @a[tag=english,r=50] actionbar I felt your energy approaching.",

				"execute at @s[scores={dialogo=22..,dialogo=..24}] run title @a[tag=portuguese,r=50] actionbar Vou testar o seu poder contra a força da natureza!",
				"execute at @s[scores={dialogo=22..,dialogo=..24}] run title @a[tag=english,r=50] actionbar I will test your power against the force of nature!",

				"replaceitem entity @s[scores={dialogo=25}] slot.weapon.mainhand 1 5d:rasengan_duplo 1 0 {\"minecraft:item_lock\": {\"mode\": \"lock_in_inventory\"}}",

			
				"replaceitem entity @s[scores={dialogo=30}] slot.armor.chest 1 air 1 0 {\"minecraft:item_lock\": {\"mode\": \"lock_in_inventory\"}}",
				"replaceitem entity @s[scores={dialogo=30}] slot.armor.feet 1 air 1 0 {\"minecraft:item_lock\": {\"mode\": \"lock_in_inventory\"}}",
				"replaceitem entity @s[scores={dialogo=30}] slot.armor.head 1 air 1 0 {\"minecraft:item_lock\": {\"mode\": \"lock_in_inventory\"}}",
				"replaceitem entity @s[scores={dialogo=30}] slot.weapon.mainhand 1 air 1 0 {\"minecraft:item_lock\": {\"mode\": \"lock_in_inventory\"}}",
				"effect @s[scores={dialogo=30}] invisibility 99999 100 true",
				"execute at @s[scores={dialogo=24}] run summon 5d:naruto_sennin ~10~30~",

				"execute at @s[scores={dialogo=26}] run execute as @e[type=5d:naruto_sennin,c=1] run function habilidades_naruto_sennin/attack1_naruto_sennin",
				"execute at @s[scores={dialogo=26..32}] run execute as @e[type=5d:naruto_sennin,c=1] run scoreboard players set @e[type=5d:naruto_sennin,c=1] attacktrigger 0",


				"execute at @s[scores={dialogo=30}] run execute at @a[r=64] run execute as @a[r=64] run camera @s clear",
				"execute at @s[scores={dialogo=30}] run inputpermission set @a[r=64] camera enabled",
				"execute at @s[scores={dialogo=30}] run inputpermission set @a[r=64] movement enabled",

				"execute at @s[scores={dialogo=30}] run camera @a[r=64] fade time 0.1 1 1"

			]
		  }
		}
	  }
	}
  }