{
	"format_version": "1.18.0",
	"minecraft:entity": {
	  "description": {
		"identifier": "5d:naruto_sennin_clone2",
		"is_spawnable": false,
		"is_summonable": true,
		"is_experimental": false
	  },
	  "component_groups": {},
	  "components": {
		"minecraft:type_family": {
		  "family": ["objeto"]
		},
		"minecraft:scale": {
			"value": 1.3
		  },
		  "minecraft:health": {
			  "value": 1000000,
			  "max": 1000000
			},
		"minecraft:knockback_resistance": {
		  "protection": 1
		},
		"minecraft:collision_box": {
		  "width": 0,
		  "height": 0
		},
		"minecraft:nameable": {},
		"minecraft:physics": {},
		"minecraft:pushable": {
		  "is_pushable": true,
		  "is_pushable_by_piston": true
		},
		"minecraft:timer": {
		  "looping": true,
		  "time": 1,
		  "time_down_event": {
			"event": "on:efeitos"
		  }
		}
	  },
	  "events": {
		"on:efeitos": {
		  "queue_command": {
			"command": [
				"replaceitem entity @s[tag=!start] slot.armor.chest 1 5d:armadura_naruto_sennin1 1 0 {\"minecraft:item_lock\": {\"mode\": \"lock_in_inventory\"}}",
				"replaceitem entity @s[tag=!start] slot.armor.feet 1 5d:hair_naruto_shippuden_amarelo 1 0 {\"minecraft:item_lock\": {\"mode\": \"lock_in_inventory\"}}",
				"replaceitem entity @s[tag=!start] slot.armor.head 1 5d:sennin_sapos_boss 1 0 {\"minecraft:item_lock\": {\"mode\": \"lock_in_inventory\"}}",
				"replaceitem entity @s[tag=!start] slot.armor.legs 1 5d:face_naruto 1 0 {\"minecraft:item_lock\": {\"mode\": \"lock_in_inventory\"}}",


				"playanimation @s[tag=!start] animation.meditar porkyn 1",

				"execute at @a[r=25] run tag @e[type=5d:naruto_sennin_int1] add start"
			]
		  }
		}
	  }
	}
  }