
{
	"format_version": "1.20.80",
	"minecraft:item": {
		"description": {
			"identifier": "5d:hair_kakashi1_branco"
		},
		"components": {
			"minecraft:icon": {
				"textures": {
					"default": "nada"
				}
			},
			"minecraft:display_name": {
		"value": "nada"
			},
			"minecraft:max_stack_size": 1,
			"minecraft:allow_off_hand": false,
			"minecraft:enchantable": {
				"value": 14,
				"slot": "armor_torso"
			},
			"minecraft:wearable": {
				"slot": "slot.armor.feet",
				"protection": 1
			},
			"minecraft:durability": {
				"max_durability": 9999,
				"damage_chance": {
					"min": 0,
					"max": 0
		  }
			}
		}
	}
  }
  