{
    "format_version": "1.8.0",
    "minecraft:achievement": {
      "description": {
        "identifier": "zabuza:defeat_zabuza"
      },
      "display": {
        "title": {"translate": "achievement.defeat_zabuza"},
        "description": {"translate": "achievement.defeat_zabuza.desc"},
        "icon": {"item": "5d:boss_zabuza"},
        "frame": "challenge",
        "show_toast": true,
        "announce_to_chat": true,
        "hidden": false
      },
      "criteria": {
        "kill_zabuza": {
          "trigger": "minecraft:player_killed_entity",
          "conditions": {
            "entity": {
              "type": "5d:zabuza3"
            }
          }
        }
      },
      "requirements": [["kill_zabuza"]],
      "rewards": {
        "experience": 500,
        "loot": ["loot_tables/shinobi_kakashi.json"]
      }
    }
  }